6.419963230328017178e-04,2.147587960465633359e-04,1.477693936671134144e-05,2.653460431601096993e-05,2.129222186040137348e-04,-5.002448677025183166e-06,1.439240251036104368e-01,-2.416053586928941412e-04,-2.792580071609101588e-04,4.709800647346490041e-05
2.147587960465633359e-04,7.384034614045401155e-05,4.704964667424643557e-06,8.865770762894584870e-06,7.244012764602338072e-05,-1.656708032659383463e-06,5.261150571604546883e-02,-8.627159127121710152e-05,-9.199088469858596108e-05,1.537923143848150093e-05
1.477693936671134144e-05,4.704964667424642710e-06,4.402374500909943056e-07,6.034893875811641936e-07,4.419767845713980749e-06,-1.053095414458948696e-07,3.642843362028624302e-03,-5.659395297293502594e-06,-7.058181138371645455e-06,1.207613610329370791e-06
2.653460431601096993e-05,8.865770762894584870e-06,6.034893875811641936e-07,1.111450630591411664e-06,8.877939980400056971e-06,-2.201523715456710331e-07,5.671865775369037965e-03,-9.718574042261512181e-06,-1.149457172847181849e-05,1.892584789505732329e-06
2.129222186040137077e-04,7.244012764602338072e-05,4.419767845713980749e-06,8.877939980400056971e-06,7.398771562017085002e-05,-1.747908253919069713e-06,4.431300103882443442e-02,-7.776317289069106960e-05,-8.843408467084803808e-05,1.474568806582038309e-05
-5.002448677025183166e-06,-1.656708032659383463e-06,-1.053095414458948696e-07,-2.201523715456709801e-07,-1.747908253919069713e-06,7.031650827954123672e-08,-1.021632773615076479e-03,1.807226421001582950e-06,2.177901888613611426e-06,-2.593940338904169827e-07
1.439240251036104368e-01,5.261150571604546883e-02,3.642843362028624302e-03,5.671865775369037098e-03,4.431300103882442748e-02,-1.021632773615076479e-03,5.984267044632242261e+01,-8.286213954983509544e-02,-6.782674028412545575e-02,1.074763498330717770e-02
-2.416053586928941412e-04,-8.627159127121710152e-05,-5.659395297293501747e-06,-9.718574042261512181e-06,-7.776317289069108315e-05,1.807226421001582950e-06,-8.286213954983509544e-02,1.214430216524109933e-04,1.089974661690108098e-04,-1.758949649718107976e-05
-2.792580071609101588e-04,-9.199088469858596108e-05,-7.058181138371645455e-06,-1.149457172847181849e-05,-8.843408467084802453e-05,2.177901888613611849e-06,-6.782674028412545575e-02,1.089974661690108098e-04,1.273142646377947588e-04,-2.114831715982638791e-05
4.709800647346490041e-05,1.537923143848150093e-05,1.207613610329370791e-06,1.892584789505732329e-06,1.474568806582037970e-05,-2.593940338904169827e-07,1.074763498330717597e-02,-1.758949649718107976e-05,-2.114831715982638791e-05,3.983965555125640379e-06
