galaxies.lens.mass.ell_comps.ell_comps_0,galaxies.lens.mass.ell_comps.ell_comps_1,galaxies.lens.mass.einstein_radius,galaxies.lens.shear.gamma_1,galaxies.lens.shear.gamma_2,galaxies.source.pixelization.regularization.inner_coefficient,galaxies.source.pixelization.regularization.outer_coefficient,galaxies.source.pixelization.regularization.signal_scale,galaxies.lens.mass.centre.centre_0,galaxies.lens.mass.centre.centre_1,    log_likelihood,         log_prior,     log_posterior,                weight
                     0.04093632153568513,                    -0.13780137731636252,                0.3823940720583657,       -0.09978505863325238,       -0.03241970542040416,                                       2.7181785140187975e-05,                                           47.677866932539835,                                      0.0728772321068717,              -0.06361159474500828,               0.05208861821400782,17005.626117139545, 36792.84147565217, 53798.46759279171, 6.463739468767095e-08
                     0.07564246928525166,                     -0.1309148938013841,                0.3813469347907926,       -0.09946912364719271,      -0.012040083666677054,                                        0.0014841754924806662,                                           44.053049361634706,                                      0.0785335172339116,              -0.06085317388730789,               0.05516602247031206, 17002.17956540068, 677.5540759465391, 17679.73364134722, 2.059043119066302e-09
                    0.006618166693291626,                    -0.14612987555275772,               0.37578822273823986,       -0.09890705774202214,      -0.044615182670090826,                                        6.777736659427724e-06,                                            64.08438765804311,                                     0.06056946197571504,              -0.04070429961611379,               0.04571413442758988,17002.605393590653,147544.52350231903, 164547.1288959097,3.1521020872326295e-09
                     0.08888119575497498,                    -0.13559401963923287,               0.38348148075944066,       -0.09897286640397043,       -0.01738317169543155,                                        0.0005348911339606998,                                             61.4859535733133,                                     0.05553778380180728,             -0.059251092821936614,               0.06311781917855784,16999.614011009166,1873.4096260241604,18873.023637033326,1.5829213112796114e-10
                     0.08704340553973117,                     -0.1358441492528348,               0.38402132945870704,       -0.09680367165538643,      -0.009250610397583873,                                       3.4485917370380253e-06,                                            52.87522266786184,                                      0.0734035568943598,               -0.0629297749283438,               0.05344564030321726,17010.723017313816, 289977.3776462632,306988.10066357703,1.0569135450066761e-05
                     0.09577910033689682,                    -0.13497243395301797,               0.38337509887846705,       -0.09980613811013292,       -0.01089334179376535,                                        6.460928990475238e-06,                                             77.0362066778268,                                     0.04535654128300127,             -0.058319639995338936,               0.05989561980835595,17000.565431999632,154780.26425566015,171780.82968765977,4.0987951371136256e-10
                    0.053552134766725656,                    -0.13557979183193455,                0.3791639975959849,       -0.09845971224281341,      -0.026444617734547943,                                       2.6294691034431282e-05,                                            81.47939469112062,                                     0.04189657774960118,              -0.04730393516952538,               0.05356563379414774,16999.289176512488, 38033.83668791511,55033.125864427595,1.1438932485298503e-10
                       0.073279153026835,                    -0.12111676397047287,                0.3812226417757383,       -0.09804125019133794,      -0.011659883986871272,                                        2.326890587952965e-06,                                            62.04199551804322,                                     0.05574278780176291,             -0.053413727651187674,               0.05013474219998251,17011.278361531397,429761.68204611633, 446772.9604076477,1.8417148629482508e-05
                     0.04795279133429957,                    -0.14046384611703247,                0.3824905456805914,       -0.09357911883584179,       -0.02420078199042877,                                        4.465509786777337e-05,                                           54.225089943323844,                                     0.06692754220943112,             -0.044899284164038905,              0.050707057802396586, 17000.99154510627, 22397.42878964588,39398.420334752154, 6.276460256620407e-10
                    0.057387842502143384,                    -0.12631015329865372,                0.3801906954524797,       -0.09794727450986666,      -0.014745262571274016,                                         0.009492156863982186,                                            74.12974916922579,                                     0.04638834830816958,              -0.04159351592476701,               0.05012911629972196,17006.551327770692,108.72646698380899,  17115.2777947545, 1.630413320613961e-07
                       0.024858568877737,                    -0.15107122378657686,               0.38193038632280574,       -0.09682888477652622,       -0.04430230782707637,                                       0.00011454541934260228,                                           44.556084770518865,                                     0.08774117326069203,               -0.0511920259049518,                0.0519988651009897,17004.399289091038, 8733.244276413387,25737.643565504426,1.8953053629353588e-08
                     0.09064948781991361,                    -0.14595301982811554,               0.38493875876656714,       -0.09908743419980687,      -0.006393729509189785,                                       0.00016284887399414314,                                           57.057695572836224,                                     0.06273209672092851,              -0.05211783256471647,               0.05536556539972032,16999.768152465665, 6144.234277995421,23144.002430461085, 1.846724496803141e-10
                     0.03902935996356329,                     -0.1387964436451764,               0.38101071926784585,       -0.09858426234467828,       -0.02870044742729119,                                         0.053666699692257125,                                            80.74031716735772,                                     0.04244168072995553,              -0.03467724062715693,              0.052959109905970726,17003.626097720447,21.717804100276314,17025.343901820725, 8.747550246548221e-09
                     0.07312414701236437,                    -0.13171801293871127,               0.38044236522595204,       -0.09851632049585379,     -0.0032817689481972794,                                       1.7177869533455963e-06,                                            62.36158535751921,                                     0.05816280854757198,             -0.039355299579767654,                0.0504975975830992,17016.860784295546, 582147.7134519339, 599164.5742362295,  0.004893705103595384
                     0.06429079681231774,                    -0.12338049445317918,               0.38048375394733513,       -0.09490492940584502,      -0.013928941478169315,                                        3.016984656756123e-06,                                            81.11717851397572,                                     0.04058358160486193,              -0.04123118593939918,               0.05241664090490947, 16999.67398585398,331460.37916962133, 348460.0531554753,1.6807614182257603e-10
                    0.042867671963828576,                    -0.15051756980596792,               0.38168515261219416,       -0.09986546925509192,      -0.025792728810258195,                                       0.00034131509205280453,                                           52.515403823647354,                                      0.0780972451669711,             -0.041999176863319686,               0.05130300292010551,17020.076382164618,2932.9462207787683,19953.022602943387,    0.1219422504324265
                     0.10849645298455225,                    -0.13466687633235008,                0.3857245725874826,       -0.09818438425666584,      -0.003474869720654586,                                        0.0004379566498176462,                                            77.00006984652478,                                    0.047063327526109616,              -0.06476328351978444,               0.06157881614590306,16999.905234213475, 2287.399861968544, 19287.30509618202,2.1180487742659914e-10
                     0.01022548914361623,                     -0.1524263283779942,                0.3781304502717509,       -0.09991267899206077,      -0.037311699467908174,                                       0.00020504221080372705,                                            54.78889817113477,                                     0.07434051133453519,              -0.03603130547414589,               0.04340732189751941, 17014.17343163647, 4879.684529150201, 21893.85796078667,0.00033306988285557274
                     0.05257338743950266,                    -0.14563388272019814,               0.38251908934472056,        -0.0979490555884299,      -0.025007232765758242,                                           0.0104693279472936,                                            58.91621979200032,                                      0.0563533762656252,              -0.05344341754029382,               0.05483655113315771,17000.192091551864, 99.04672820839347,17099.238819760256,2.8217368899091944e-10
                     0.13757199580203863,                    -0.12680743666181038,               0.38489493633805305,       -0.09765809907892983,       0.010980970800236712,                                        0.0015735408839300496,                                            68.54430126866464,                                     0.05558729431296939,              -0.05789510224441346,              0.062433652516480365, 17000.97282541565, 639.3804873892266,17640.353312804877, 6.160059752283338e-10
                     0.08353762313971037,                    -0.13693396686648232,                0.3825646930789224,       -0.09816662023274811,      -0.012099088692086486,                                        9.715787223473565e-06,                                            60.87112915325607,                                     0.06346395158571064,             -0.059431189058343416,               0.05421287831204961,17022.004034818674,102929.03724749839,119951.04128231706,    0.8381526381081087
                     0.10210497941632542,                    -0.12627170242241445,                0.3867064059321518,       -0.09822814534070991,     -0.0057455695799312955,                                        2.186097407055243e-06,                                           45.767020845174635,                                      0.0749231543995437,              -0.06669201289938326,               0.05739359771535542,17003.605349620444,457440.21304288006, 474443.8183925005,  8.56792508343358e-09
                     0.08670577378960716,                    -0.13371248314246914,               0.38297634466221725,       -0.09818599402795297,      -0.013298980903650778,                                       4.3514600050719166e-05,                                            76.78271713413028,                                     0.04685526534369802,              -0.06434094050059744,               0.05460241605941999,17018.770683442006, 22984.68144928579, 40003.45213272779,   0.03304429231648201
                      0.0557375904879739,                    -0.13099882975373686,               0.37852433827851556,       -0.09838806942223333,      -0.016931359598206155,                                       1.4924620514918195e-05,                                            82.79979160702007,                                      0.0401145668018894,             -0.036306955214084675,               0.05057345393277122,17000.875996629482, 67006.62142660015, 84007.49742322962, 5.591556496183568e-10
                     0.09899476723733504,                    -0.12698188222198836,                0.3840246734409791,       -0.09529841568930932,     -0.0025079803767228347,                                       2.5799895230499907e-06,                                           61.821030511028766,                                     0.06164718701896366,              -0.06587622286685785,               0.05187483851893161,17007.074647838584,387602.56976007984,404609.64440791844, 2.751520372121795e-07
                     0.10612434924412976,                     -0.1304524987997467,                0.3799931802841167,         -0.098439408939652,     0.00022906574597186406,                                         0.001617470232801709,                                            80.78860300675441,                                     0.04964824095824742,              -0.05540603294441096,               0.05890274423070391,17006.328828580485, 622.0324173700616,17628.361245950546,1.3051713872743902e-07
                     0.11767341210126366,                    -0.12826689249986764,               0.38286911607595264,       -0.09601845739461826,       0.007462901356333802,                                        0.0003767672584540522,                                           63.933264099874776,                                    0.059810128054727164,              -0.05519564563531573,              0.059122755278513156, 17003.29128166285,2658.0550492901825, 19661.34633095303, 6.258606970960184e-09
                     0.09071714110741981,                    -0.12570269374800627,                0.3834754125428612,       -0.09492263150056442,     -0.0034979968812904228,                                       0.00034094223076566835,                                            48.79235830813161,                                     0.07202952951909279,              -0.05566732214692476,               0.05349901037866678,17007.016456880043, 2936.974338797715,19943.990795677757,2.5959762833443645e-07
                     0.08673380226921333,                    -0.12133012149535165,                0.3824787925363274,       -0.09621721647840877,      -0.011768085367012389,                                        2.105241556632322e-05,                                           57.969170825391515,                                     0.06501615364070314,              -0.05895556471789101,               0.05588602460098028,17000.017242824848,47504.438737841054,  64504.4559806659,2.3690851944791633e-10
                     0.05668217334743428,                     -0.1369955716375846,               0.38032497262474396,       -0.09959023098244486,      -0.014229773785371234,                                       0.00024172921575958594,                                            70.00707885690892,                                     0.04781720833153068,               -0.0395502114091944,                0.0510946920218099,17002.379380676954, 4140.100085328466,21142.479466005418, 2.514456422139627e-09
                     0.10164682742889036,                    -0.13483278643859045,               0.38282337328408367,       -0.09860102836308973,      -0.002160101433319655,                                         0.002825453443165101,                                            54.50786650434866,                                     0.06476695075960813,              -0.05642609485196144,               0.06067292481297133,17004.237473254023,  357.765945065518,17362.003418319542,1.6121426454915465e-08
                     0.09685234879029288,                    -0.12957076905632398,               0.38261822326135364,       -0.09560287367159914,      -0.007392912990259141,                                        8.155640104084003e-06,                                            62.02688146444486,                                    0.054294573927965835,             -0.062392214954396175,              0.054760131343428754, 17002.64058853207,122618.56564449536,139621.20623302745,3.2650154703973894e-09
                     0.08884215394678095,                    -0.12755616598428104,               0.38145112337460507,        -0.0982420909870358,      -0.012452760392096621,                                        1.208773476617795e-06,                                            77.06105507614214,                                     0.04187554328700921,               -0.0586804210952024,              0.056868991465256084,17002.418691962732,  827288.678581092, 844291.0972730548, 2.615271540306861e-09
                     0.11912133291972778,                    -0.12808806148756077,               0.38679400619007054,        -0.0967492871150586,     -0.0004887163009195241,                                       3.4502319221658516e-06,                                            62.39619013752654,                                    0.054049610511223076,              -0.06709103721839386,               0.05805330521042219, 17002.11557059438,289839.72183943406,306841.83741002844,1.9314027710342768e-09
                     0.09511769719817938,                    -0.12994418132801994,                 0.383158852072667,       -0.09929129914068478,      -0.015859758724194352,                                         0.004055590686436814,                                             66.3285117743418,                                    0.057721444455447336,             -0.058092470817441934,               0.06864053300173194,17014.580977940197,250.56025973004247, 17265.14123767024,  0.000500645682393341
                     0.08381196183236549,                    -0.13038145201111506,               0.38351558078100817,       -0.09710705053629372,      -0.019500155475541334,                                         0.007745205136619692,                                            60.90848822828098,                                     0.06773576044997093,             -0.056663238793897036,               0.06941531741235855,17000.330743435377,133.20180983774057, 17133.53255327312,3.2413972838023836e-10
                     0.11479495791663966,                    -0.12001833430537213,               0.38139548304519816,       -0.09876825170599261,       0.011629997720209404,                                       4.0235586312933815e-05,                                            42.40025504774613,                                     0.08849548920581121,              -0.04582919988001061,               0.05424783409515156,17003.190245278958,24857.060035761962, 41860.25028104092,5.6571557478211275e-09
                    0.047176061707872315,                     -0.1326185229095006,                0.3794408930254692,       -0.09701334050770327,       -0.01861828015735706,                                         0.001955647641910865,                                            75.29955387649173,                                     0.04808541749285338,              -0.03742850484518527,               0.04866472658948418,17006.997596568184, 514.6318537863385, 17521.62945035452,2.5474741811699434e-07
                     0.10390561090543118,                    -0.13179771452286101,                0.3854096163937274,       -0.09773618751998393,       -0.00559009335591993,                                        5.149003493387024e-06,                                           53.619935009211574,                                     0.06878611562902646,              -0.06283334964307384,              0.055829977019502985,  16999.9678184387, 194216.2655760832,211216.23339452193,2.2548410904281313e-10
                     0.10842012888649996,                     -0.1331460054188087,               0.38632436743109566,       -0.09845123445313617,     -0.0012892828245017877,                                       1.4330502591678836e-06,                                           44.262145090040974,                                      0.0846001240401811,              -0.06769922552095582,               0.05566819013449145, 17006.26454360036, 697816.2407362231, 714822.5052798234,1.2239084472204364e-07
                     0.07898749628987004,                    -0.13402963112607766,               0.38221417061543517,       -0.09859105582732504,      -0.011557295245887363,                                         0.010269265408824483,                                            49.00816809715682,                                     0.07273464998383124,              -0.05515832947026478,               0.05600362569914388,16999.833154554082,101.08609806427958, 17100.91925261836,1.9707528280638546e-10
                     0.06620694300110691,                    -0.14082960691330165,               0.38011042077901536,       -0.09766436319926633,       -0.01163634916295041,                                       1.9199649491518012e-05,                                            53.80227922897895,                                     0.06760527485553863,              -0.04782220603881679,               0.05268928685637081,17007.152976368343, 52087.82348122903, 69094.97645759737,2.9757084683082797e-07
                     0.09223657891206703,                    -0.13081812231828696,               0.38485209067185755,       -0.09791728674272347,      -0.007146918307802439,                                       0.00026340277299929395,                                            60.67228214475622,                                     0.05759266492853608,              -0.05634422489885556,               0.05790921509937274,17002.675407328858, 3800.294481542976,20802.969888871834,3.3807017211583224e-09
                     0.06944669129179763,                    -0.12376022944493306,                  0.37830549784687,       -0.09614870128601558,      -0.008663193033832802,                                        2.720144665180646e-06,                                             84.5070921724778,                                     0.04278071225914194,              -0.03749096664706076,              0.051106174941476394, 17001.65800961216, 367630.9806316388,384632.63864125096,1.2222404158675232e-09
                     0.03826479894667011,                    -0.13568370375685146,               0.37757864385116197,       -0.09848912956311892,      -0.021811568158818222,                                       0.00013616104163636123,                                             81.4214973520128,                                     0.04376868054647034,              -0.03475305603824628,               0.04770820980397356, 17001.02231222205,  7347.34776579502, 24348.37007801707, 6.472570235412118e-10
                    0.052858879943815225,                    -0.11989411209728888,                0.3806372893571772,       -0.09210486634516185,        -0.0296866396376561,                                       1.8818408043591273e-06,                                            54.61733450260279,                                     0.07269345552064503,             -0.040403557637366416,              0.053659879599624184,16999.755372048676,  531398.172938083, 548397.9283101317,1.8232727683178918e-10
                     0.05592257739902392,                    -0.13084668606451663,                0.3867638989586163,       -0.09310404816299929,       -0.02908026285733173,                                       5.3823825916170195e-05,                                            55.48777461461872,                                     0.07222923602519327,             -0.053606550143604416,               0.05605223458158768,17011.870121715827, 18582.95095252062,35594.821074236446, 3.328285520672596e-05
                     0.10635493746967935,                     -0.1343071360469255,                0.3803355680611717,       -0.09971641741364992,        0.01596266101218504,                                        2.941088600221907e-06,                                            56.85907661110662,                                     0.06456145415170841,              -0.04226036798789143,                0.0476095231113664,17001.850567082303,340013.27974270476,357015.13030978706,  1.48177849361093e-09
                       0.071515009398167,                     -0.1299268383267797,               0.37800485736011613,       -0.09954338354566974,     -0.0015552313533403837,                                       0.00034042559051069486,                                            80.07341205984042,                                     0.04583250694566679,              -0.03322375605065372,              0.047987387545109714, 17008.08725576776,2940.6491026677722,19948.736358435533, 7.574304641443342e-07
                     0.10169669117626995,                     -0.1331299514421676,                 0.384754120651815,       -0.09695565736357294,      -0.003114064045402356,                                       2.2533487660873072e-06,                                            48.06393356295096,                                     0.07932868544856517,              -0.06804446921227944,              0.054209546523489464, 17015.33898735564,443788.02985778236,  460803.368845138, 0.0010683899189695813
                      0.1216158870662065,                     -0.1325864872951982,               0.38243191144898836,        -0.0996983230761608,       0.022566634212651183,                                        2.083427611283678e-05,                                           41.847257540356175,                                     0.08577430219750339,             -0.046032044600091776,               0.05067189888051842,17003.527428920337, 48000.97445297605, 65004.50188189639, 7.925654390092434e-09
                     0.04789804786309109,                    -0.14225956562770764,                 0.381904532284591,       -0.09959348123206717,      -0.023405534476096883,                                        6.611378546323237e-05,                                            77.44426161845996,                                     0.04489607368247823,              -0.04534856061892411,               0.05412780423196676, 17007.01143267731,15128.725677917026, 32135.73711059434,2.5829662820189954e-07
                     0.05881571251141845,                    -0.13587972145854987,                0.3813594003315569,       -0.09972015508340253,      -0.014368391096025826,                                        0.0003573839083743501,                                            76.77307358211314,                                     0.04751029244722016,              -0.03861244080669969,               0.05301890210932626,17005.488925728994,2801.3665930459206,19806.855518774915,5.6351096435609626e-08
