7.638842754330717535e-03,-2.620037850386539805e-03,1.360059040184881081e-03,1.084871627363407590e-03,2.289551877434504740e-03,1.227877647378399634e-03,-7.749782807348301909e-04,-4.065897550634291050e-04,1.393899786860646340e-04,-1.161626028071874301e-04,-1.376536194637603162e-03,-9.912002576915259107e-04
-2.620037850386540239e-03,2.464468056266468088e-03,-1.008851681784001713e-03,-3.855072080744313765e-04,-1.021299244068283631e-03,-2.160927172759753104e-03,4.442386495661772793e-04,4.102316390007895068e-04,9.540369401874406624e-05,-9.618454230630310770e-05,1.072045933176190820e-03,1.119889867995310173e-03
1.360059040184881081e-03,-1.008851681784001713e-03,5.883637569278691833e-04,1.571830756194346804e-04,4.524352425919312987e-04,7.274686022089136986e-04,-1.413048501400370903e-04,-1.176964362904026968e-04,-2.971241625488937210e-05,4.043887180264082196e-05,-5.158129016831573257e-04,-6.095935567475468985e-04
1.084871627363407590e-03,-3.855072080744313765e-04,1.571830756194346804e-04,1.825067512108741901e-04,3.527442183411194860e-04,2.137136093137004115e-04,-1.441583307146482914e-04,-7.330515260394790107e-05,2.384947200879001259e-05,-1.781752401920894786e-05,-1.767136423091248331e-04,-8.832778285590421705e-05
2.289551877434504740e-03,-1.021299244068283631e-03,4.524352425919312987e-04,3.527442183411194860e-04,8.338482608982337790e-04,1.298282870595876201e-03,-3.334308022404092599e-04,-2.431180242500449913e-04,2.436836714254515034e-05,-2.739849507844961150e-05,-4.225305910984213575e-04,-4.587244585718058885e-04
1.227877647378399634e-03,-2.160927172759753104e-03,7.274686022089136986e-04,2.137136093137004115e-04,1.298282870595876201e-03,6.894133907750688191e-03,-6.810718600041852687e-04,-8.885560378568850342e-04,-1.342697514327778564e-04,4.073742448813809402e-05,-4.194760471579367963e-04,-1.641251969566993787e-03
-7.749782807348301909e-04,4.442386495661772793e-04,-1.413048501400370903e-04,-1.441583307146482914e-04,-3.334308022404092599e-04,-6.810718600041852687e-04,1.615307187493304861e-04,1.258415287840616934e-04,-2.926124983784656934e-06,5.189481135220748539e-06,1.474507906622408179e-04,1.608007303428844552e-04
-4.065897550634292134e-04,4.102316390007895068e-04,-1.176964362904027103e-04,-7.330515260394790107e-05,-2.431180242500449913e-04,-8.885560378568849258e-04,1.258415287840616934e-04,1.370850588090189674e-04,1.715244770560957915e-05,-5.976498759115457922e-06,1.131481441035851249e-04,2.116435384488387316e-04
1.393899786860646611e-04,9.540369401874407979e-05,-2.971241625488938565e-05,2.384947200879001598e-05,2.436836714254515712e-05,-1.342697514327778564e-04,-2.926124983784659052e-06,1.715244770560957915e-05,1.816365785395786101e-05,-1.627778312968124777e-05,3.422533073615034542e-05,6.220293352287008812e-05
-1.161626028071874301e-04,-9.618454230630312126e-05,4.043887180264082873e-05,-1.781752401920895125e-05,-2.739849507844962167e-05,4.073742448813808724e-05,5.189481135220749386e-06,-5.976498759115457922e-06,-1.627778312968125116e-05,1.812089635110588379e-05,-4.478217772318259849e-05,-5.330952424703892166e-05
-1.376536194637603379e-03,1.072045933176190820e-03,-5.158129016831573257e-04,-1.767136423091248331e-04,-4.225305910984213033e-04,-4.194760471579366879e-04,1.474507906622408179e-04,1.131481441035851249e-04,3.422533073615033865e-05,-4.478217772318259172e-05,5.467779549124672685e-04,4.848944253387680952e-04
-9.912002576915259107e-04,1.119889867995310173e-03,-6.095935567475468985e-04,-8.832778285590421705e-05,-4.587244585718058885e-04,-1.641251969566993787e-03,1.608007303428844552e-04,2.116435384488387316e-04,6.220293352287008812e-05,-5.330952424703891488e-05,4.848944253387680952e-04,8.096248619239151609e-04
