galaxies.lens.mass.ell_comps.ell_comps_0,galaxies.lens.mass.ell_comps.ell_comps_1,galaxies.lens.multipole_4.einstein_radius,galaxies.lens.multipole_4.centre.centre_0,galaxies.lens.multipole_4.centre.centre_1,galaxies.lens.multipole_4.slope,galaxies.lens.multipole_3.multipole_comps.multipole_comps_0,galaxies.lens.multipole_3.multipole_comps.multipole_comps_1,galaxies.lens.multipole_4.multipole_comps.multipole_comps_0,galaxies.lens.multipole_4.multipole_comps.multipole_comps_1,galaxies.lens.shear.gamma_1,galaxies.lens.shear.gamma_2,   log_likelihood,         log_prior,    log_posterior,                weight
                    0.023914212035158398,                      -0.171580753318753,                       0.6938038781930942,                     -0.02623641763399892,                      0.07394643115094758,             2.2281626312232796,                                      -0.012258949155805405,                                      -0.010550821355477429,                                       0.005410850488279609,                                      -0.003449196458480998,      -0.044820689875523706,       -0.05486375339229721, 8291.88967174358,18.367823376621335,  8310.2574951202,    0.9990415938126849
                    -0.21270301894510765,                    -0.03148677510381736,                       0.6457641887755634,                     -0.06691730043703897,                      0.03360212314094683,              2.154361237345217,                                       0.013683240879781613,                                       0.013698586084731415,                                       0.009033151269985698,                                         0.0176025287819097,         0.0376604937702468,      -0.010829720036246101,8272.098255703928,16.868499689688672,8288.966755393616,2.5367682579813623e-09
                     0.09341767175121504,                    -0.13703660181929242,                       0.7096629363360417,                    -0.005661663157119471,                       0.0620701176522257,             1.9617147300797138,                                       0.010290380271022038,                                        0.01936302105380361,                                       0.009278717231500717,                                      -0.007616877990190684,       -0.06807251775588669,       -0.02286208806046443,8270.276042271023,16.284464076741088,8286.560506347765,4.1011301892209733e-10
                    -0.12811669068265708,                     -0.0773611164198169,                       0.6455756227282672,                     -0.05486562468905433,                     0.015791049382592365,              2.143641543659196,                                      -0.007569546723861262,                                     -0.0013130219769535985,                                      0.0013585133064019292,                                     -0.0011942927343363927,       0.006878700923323994,      -0.006241049625986978,8276.631757410585, 20.60751517578886,8297.239272586374,2.3613239375092786e-07
                    -0.12265367717481847,                    -0.10429362142625336,                       0.6756787104966417,                     -0.05497845617502867,                     0.022625665936383182,              2.194832212245851,                                       0.012977445671550432,                                      0.0032398288352652456,                                       0.003314404101726543,                                     -0.0025100544436212208,      -0.017508610908248807,      -0.048453034306280854,8283.943644670187,19.155711598846278,8303.099356269035, 0.0003537267133552086
                     -0.1584616683781532,                    -0.20076196231803836,                       0.6701296421712024,                     -0.05139628727948006,                     0.013513814991888418,             2.2459716158420244,                                      -0.006509185235422364,                                      -0.016061180149737002,                                      -0.009924806630756821,                                      -0.023430963765054314,       0.002662268636942328,      -0.010137588886684527,8273.989431527221, 15.66046233502058,8289.649893862243, 1.681156016504214e-08
                     -0.0292225949348976,                    -0.08608905290679036,                       0.6544467249281744,                    -0.059661143843340605,                      0.03824609598699731,              2.186881222508919,                                      -0.024501822785979323,                                       -0.01813446726258724,                                      0.0035165598302009096,                                     -0.0021202800637200162,       0.007233254640725086,      -0.023899340382522893,8277.989876763088,16.512913158795687,8294.502789921884, 9.182888483080313e-07
                     -0.1244773620534353,                    -0.18166967294855443,                       0.6566356370540448,                     -0.04093941309903211,                      0.01158727372185694,             2.2134359894859434,                                       0.004538616696401874,                                      -0.012092917740655476,                                      -0.019690058693513885,                                      -0.010613176503421987,      -0.011466998882822883,      -0.000302224208082542, 8276.26459964444,17.021310464283683,8293.285910108725, 1.635689922130864e-07
                     -0.0446403295877768,                    -0.06581630915559099,                       0.6277972474889425,                     -0.02949387642833419,                      0.04840348458053853,             2.1483182808697654,                                     -0.0062057268652029466,                                     -0.0007929089490902354,                                       0.013091195774951115,                                      -0.012391416257897183,       0.010307806014579722,       0.020517723245281942,  8283.4157604639, 19.11024779264948, 8302.52600825655,0.00020864628720953664
                    -0.06647635983818878,                    0.061116978611725395,                       0.6421745175832733,                     -0.04158624895249543,                      0.05145355714530785,             2.1680152397551513,                                      0.0010960345890065472,                                      -0.005208076388227332,                                      0.0015933378658803121,                                       0.003431378708000218,         0.0423916081470795,     -0.0006902291791370643,8279.698164533791,20.535166722318202, 8300.23333125611,5.0684978032250105e-06
                    -0.13112715766527014,                    0.030618223472610086,                       0.6601713274885566,                     -0.06709022419220147,                      0.08306736229402663,             2.0282347260537885,                                       0.010012645013366708,                                      0.0006289551804458949,                                       0.009322987853422145,                                      -0.004923604934141037,        0.03402587747576989,       -0.08057750694052071,8270.762915146908,19.166600251554172,8289.929515398462, 6.673439989384091e-10
                    -0.12457517604690141,                    -0.03833493686758649,                       0.6332503664437608,                     -0.05315288198634887,                        0.034743352917807,              2.278594511207085,                                       0.012790066908736155,                                       0.013363416746716782,                                      -0.003606772463248919,                                      0.0004990465633296025,       0.039959912720843586,     -0.0056344447958152945,8277.688464366382,18.867881398376532,8296.556345764759,  6.79324956444961e-07
                    -0.18088635511365941,                     -0.0503807379371316,                       0.6348965366059907,                    -0.027257109843895955,                       0.0335179990164905,             2.1266516943352296,                                      -0.016019308895342147,                                      -0.008433824163502968,                                     0.00042691518034380287,                                        0.00780393353794693,       0.019148457038151472,       0.014500605379066715,8269.352258685061,18.415851543629454,8287.768110228692,1.6282063426846858e-10
                     0.09044070634089647,                    -0.13827275297890632,                       0.6998538746274964,                     -0.02059376223859663,                      0.06247265892654692,             2.0238380462408454,                                       0.002288628811344829,                                       0.015213053987405445,                                        0.01158397420517376,                                      -0.005776324861956438,      -0.053706717200697154,      -0.027503931288726025,8283.522893774694,17.952094014933188,8301.474987789627,0.00023224055821503841
                   -0.005959600519052884,                    -0.08537703910744185,                       0.6413005131548556,                     -0.02272736681041429,                      0.03433862183505979,              2.067555579265477,                                       0.003490125623751203,                                     -0.0013809251733043193,                                        0.01804305374068012,                                       0.005741803068428471,      0.0029771333587539856,       0.017175380147009464,8271.102923167446,18.824041836075256, 8289.92696500352, 9.375908633380433e-10
                    -0.11308323334528325,                   -0.058189831265413515,                       0.6578192867856185,                     -0.04666882233982408,                     0.036462785927542166,              2.059920849346959,                                      -0.011826148580803858,                                      0.0014537749497426564,                                      -0.003679782207510585,                                       0.020583423989235985,      -0.016685873096293467,      -0.020920462200710192, 8270.87715616887, 17.93728323469754,8288.814439403568, 7.481074934469796e-10
                    -0.12776865202614393,                    -0.18320374424670433,                       0.6722934618964439,                     -0.04375708916272436,                      0.01844441356207467,             2.1145056816898995,                                      0.0016333099960756149,                                     -0.0019389821637912582,                                      -0.003953787662286508,                                       0.007152091493725143,       -0.05192918430378641,      -0.024928507530865673,8282.963071958136,19.070538108271037,8302.033610066408, 0.0001326815513951297
                    -0.21364972372271412,                    -0.14107030156542522,                         0.65921805647036,                     -0.02017763596706455,                     0.017671568493718388,             2.1947514834151107,                                       0.021742947010247142,                                       0.002796888564178279,                                     -0.0003105004453025829,                                      -0.005151667874618205,      -0.012594490739939304,      -0.007106208113159237,8272.849603698207,17.410329919737116,8290.259933617945, 5.377582511171989e-09
                    -0.05163593019777696,                    -0.10745443169739698,                       0.6498590102325394,                     -0.02933642958669508,                     0.023378633697430894,             2.1960788438048904,                                       -0.01502520035445612,                                      0.0011031440230713722,                                      0.0017288329431503205,                                       0.005636064803931466,      -0.009492882673827627,       -0.00563217371562774,8276.134163745413,19.309598309648354,8295.443762055062, 1.435665905240414e-07
                    -0.08335117670709356,                    -0.05627200862443561,                       0.6291373113209843,                    -0.030604219096180513,                     0.044153377971990156,              2.128756324997469,                                      -0.005195138672561668,                                       0.018516944771534292,                                      -0.009026900842800221,                                       0.005036780326678147,       0.008887289444859697,       0.013693042111943615,8269.412605945723, 18.52570250068639, 8287.93830844641,1.7294894793731472e-10
                     -0.2595528401001699,                    -0.07632981475762349,                       0.6698166702108405,                     -0.03958580648866024,                     0.014223286927661291,             2.1792802400689455,                                       -0.00822753485133299,                                       0.011015269532426025,                                         0.0082698099984609,                                       0.003816737784051201,       0.012364143024416454,      -0.014007672171175121,8281.242869007821, 18.67719205405232,8299.920061061874,2.3753952945780318e-05
                     0.01150121166656932,                    -0.12639645627387622,                       0.6556377708402672,                   -0.0031167173768513537,                     0.057772913025789685,              2.124660232445015,                                       0.027803236248919325,                                      -0.002211409823345816,                                       0.009455627141674664,                                      -0.008949707718899481,      -0.043995409126548014,       0.014769102947822363,8274.501314960573,15.615515221687229, 8290.11683018226,2.8048921672654096e-08
                  -0.0027808107424178666,                     -0.2497535736189742,                       0.7091990386734164,                    -0.012013533585224822,                      0.03361410444591303,             2.2309939506693324,                                      -0.007596590829480967,                                      -0.009211801306947393,                                       0.007546817433923931,                                        0.00789902771878353,       -0.08082868320621014,       -0.02716103095530582,8271.819390016097,16.572188693688712,8288.391578709785, 1.919424197087056e-09
                    -0.08162690517239089,                    -0.04115094822165978,                       0.6404557265131048,                     -0.01549892540094906,                      0.03662003476380881,             2.0786294118649353,                                       0.008924581478154916,                                     -0.0026022145206425766,                                        0.01524899578572267,                                       -0.01488269694614774,      -0.002255232778359925,      0.0034756157774124613,8275.580709811671,18.041367101245356,8293.622076912916, 8.254511887359182e-08
                    0.011481592053707135,                    -0.04936719845531151,                       0.6428792240736707,                    -0.022123601487118907,                      0.06993018664415773,             2.2328157364623804,                                      -0.005537153997744123,                                       -0.01300517243705877,                                       0.008695202983416427,                                      -0.007568053685688985,      0.0013298180212041135,       0.012785687590509631,8273.039217077621, 19.85078925177075,8292.890006329391,6.5003258423371675e-09
                    -0.17016357600832563,                    -0.22752717082225962,                       0.6801681109117748,                     -0.05364262830668718,                     0.004574481995117408,             2.1319110789772946,                                       0.011097721109816288,                                      0.0033970101495504022,                                       0.006211731830787899,                                      -0.005713543078204697,      -0.021469975098354684,       -0.03919172351872632,8268.877938589867, 18.64396699614302, 8287.52190558601, 1.013245869949668e-10
