y,x,reconstruction,noise_map
-0.6393478302063558,-1.095800635386896,0.004528915017535263,0.026717249645597203
-0.7194440173690613,-0.9959730592406411,0.002357375334300413,0.025412804489582618
-0.8149302997327427,-0.8252417533487832,0.0008778187183166132,0.02381674233039445
-0.7488389991027437,-0.9294304806941498,0.0032550077234717004,0.022330602481862263
-0.6317873072339177,-0.8383086905688664,0.002565308436567912,0.020379109562494398
-0.6700601284647484,-0.8211697087914748,0.002271901507754598,0.021842711623316212
-0.6180802081503443,-0.7113177082446054,0.00834601062958298,0.02188813937227602
-0.5260309687748747,-0.5247854431202719,0.005497745750847163,0.028011723939691188
-0.7444098464942244,-0.5906183650570531,0.0059096318544714175,0.023614851966595195
-0.7968749128575462,-0.6894517486893422,0.005237187316047708,0.020133257068194566
-0.7952789096130041,-0.6021657215876177,0.005347395910244212,0.022158492944675697
-1.0511974655919492,-0.6781819618727986,0.0011973153466700488,0.02601302213806307
-1.096917701758203,-0.5635763197843037,0.0018187988642071416,0.025616202426772226
-0.9650161510995361,-0.5339413600132125,0.004850673824685402,0.023447478785089515
-1.0940247156592686,-0.5196410730725249,8.336919830212309e-35,0.022732929444029708
-0.8922620303112422,-0.4425534584900551,0.013962784558730037,0.022159368656266543
-0.9410445332850512,-0.30092981766369487,0.014597810337844264,0.02167148500165186
-1.2007779033191541,-0.3824136590601751,0.0006049052333389289,0.025123528852716612
-1.2254276215952329,-0.2490639056178385,0.0051840912429281455,0.02437991934807405
-1.1111633558971743,-0.21038380337249868,0.011657087501455846,0.02083878542395302
-1.229212314091984,-0.11495840999247592,0.008384111029089352,0.022907787421509902
-1.2151336655537879,-0.009088999852662483,0.01102456978771422,0.021762278551046482
-1.1169219390621232,-0.11922764950843223,0.012006122432656348,0.020776536511727572
-0.9931517127414189,0.015504053607993007,0.01585969440450594,0.021981228756361142
-0.8878123132939821,-0.07994868825456616,0.02178497955702374,0.022462839937695767
-0.909293832795211,-0.1436886627773757,0.020054074147047223,0.021631379100348534
-1.0497736510691116,-0.2671526021690479,0.012009576987132136,0.020857918686771972
-0.7673855308525546,-0.24446812219666414,0.02375883813091229,0.025135319754950047
-0.6607730299882537,-0.23119901816728067,0.029694998584766787,0.02664605577738373
-0.7513099934930184,-0.202554397530026,0.020348936733111136,0.02417295348202122
-0.7619900713288721,-0.04849128473473266,0.026957646591505756,0.025998356757547397
-0.6058015624127239,-0.034054098768343324,0.051811150350653305,0.026670022178129964
-0.4495763329211542,-0.1045404815515252,0.06502029020253568,0.02893384164585588
-0.3765387539052387,-0.06422743869591624,0.08122056016766248,0.04198994490394817
-0.35486754601798687,-0.10503378286631421,0.0696327042322146,0.03480139394574987
-0.5405878345509323,-0.14620419718361372,0.07040040148455239,0.03068067148036839
-0.43086231927233165,-0.2193337150856175,0.0380429528878276,0.03173085310460547
-0.4185668425357818,-0.2802592491867567,0.04693546343017912,0.03313989804295426
-0.515352776447165,-0.362136863788804,0.026237174832736385,0.027407544551537093
-0.5821131007652777,-0.26598307338602756,0.03935994255918995,0.030628323230173955
-0.8013237161588737,-0.35377035117224676,0.029739717848531893,0.027613468767439975
-0.713716742233084,-0.383578211165707,0.018136833388073488,0.024865991641127905
-0.7294501364885138,-0.4429805234015321,0.016433121354499505,0.024597597370132455
-0.8763990630747752,-0.5968376060259846,0.0051783972146333245,0.023115009782739913
-0.6236181331147099,-0.5319593198962926,0.011055486415351583,0.02516885624358849
-0.5651060509560145,-0.4485039233149377,0.007600392987138782,0.027735273676436828
-0.5437454053000912,-0.5030279609042271,0.0030389472732230386,0.026518940821056106
-0.3941672621972182,-0.355910251776405,0.02857370413582864,0.033824115989225544
-0.31806410519520867,-0.3400709850348219,0.018705041322356234,0.030740744083738353
-0.2662399512656378,-0.31643384338214564,0.022487889111835257,0.036198452658813385
-0.2059160529450434,-0.23403102468531356,0.041293945738927904,0.048647498622270705
-0.24469809840167067,-0.2653205975297933,0.03385785176646365,0.038129542409051906
-0.13498395980703776,-0.11824341187087106,0.04310383575156873,0.04082977069399431
-0.09852933205375924,-0.09389121285253932,0.008736687413644088,0.043889692396982496
-0.2294349942490691,-0.1939811211588266,0.05452079688951971,0.044027168197171444
-0.337300192246359,-0.29592149457663486,0.04851846654540579,0.034214202847672265
-0.3062887274480023,-0.1890122415575678,0.0599830784829143,0.03531135865175861
-0.15824787253171502,-0.11813276790586869,0.09493182471213453,0.042472174737543555
-0.2032511010960264,-0.12623466122461274,0.10182027421921913,0.036566020005528256
-0.2691732206976638,-0.059157000260816106,0.09796880721151771,0.04749516322958293
-0.022851231492401314,-0.03468787026825283,0.12494610783427977,0.07797258097064336
0.024346754058373943,-0.03343637694738902,0.2525176585545241,0.09328791907065712
0.07894864120968526,-0.02542196386686367,0.24256544233225344,0.10168777306146978
0.1981530503815352,0.009670776260280928,0.2242233652454051,0.10686963470731951
0.05163654200495704,0.015221994556119278,0.14231663935196465,0.14617745664830809
-0.03601553411363434,-0.04875540871493622,0.15425305883572865,0.05470301231540445
0.01249132375370754,0.006455678542994614,0.1178006628012551,0.1431789702735449
-0.007109995111683642,0.17150875473230243,2.1688226602742325e-35,0.1431155709230458
0.1537471280347779,0.16634271799121858,0.098394690009443,0.09386842796755894
0.2637076023729511,0.11594084798827495,0.1270539848505835,0.12621318534099532
0.343248606130325,0.09205345935138468,0.15627731121474708,0.07791793787634316
0.25807141992900506,0.17066852734994417,0.3541043101222519,0.1693800407030728
0.18165051263814988,0.38871023296871393,0.08490286611346258,0.07737522487804345
0.13224435673144563,0.42313515275726177,0.053778741073074315,0.0680061229849298
0.477825021008536,0.3179516742525752,5.955500140074362e-35,0.036557512000486195
0.012695751714011036,0.583126545571393,0.03762354393987868,0.035184232301421994
-0.1344149348092724,0.5259985255140709,0.16300472540656283,0.27824893628149067
-0.06293413972945786,0.37714884523771325,0.3616815566929005,0.4989789130290624
0.06619076211141928,0.404174650001139,0.29875195547499556,0.1434437727801109
0.09980263646653154,0.32016652897033404,0.8805348964078141,0.5364324119303763
0.002401568860202763,0.2530247615555149,0.29121386539434346,0.2842645331603413
-0.11596948276860296,0.28420672476580777,0.06394855646333657,0.0786090332707815
-0.11599409775777411,-0.03153047019944977,0.04344407992538643,0.08217337750957081
-0.08869582723826869,0.0741965775146769,0.12104770961257942,0.08045434668411254
-0.0629262105219186,0.03651549278140864,0.11930896086050895,0.136999067625319
-0.08868841749221407,-0.03348218937625114,0.09514769328733431,0.053706523162108694
-0.11662005849438001,-0.03248993744087847,0.0420559763450492,0.06908473082436663
-0.18827506482754702,-0.22355578063267956,0.03799107974201586,0.04150873564634152
-0.17730429874668902,-0.2693894244123053,0.023918221972774423,0.0336773444834323
-0.14800665062946788,-0.21385547481583533,0.03116951629179126,0.03922479406722712
-0.1155133059520555,-0.07511753851538772,0.014410219760711435,0.0445407059766969
-0.10018918815257075,-0.3870673611759572,0.034588576450346346,0.033202496413715685
-0.13296830558549205,-0.38360151150270727,0.03993481004678987,0.03145281263561917
-0.09701770703581791,-0.45396664361094696,0.023663730568656418,0.028270404957600734
-0.07589414999380246,-0.7541139016235174,0.005985631926223297,0.026526604133888968
-0.1507437897458495,-0.7621959325145002,0.013467860792014417,0.02519865736250916
-0.22113796547117437,-0.6305733310948134,0.002666102024300335,0.02593748795938995
-0.2603013686434478,-0.7211127206381032,0.0006248669487052464,0.024165695140536507
-0.25418342962608365,-0.61889735807892,3.91115289942308e-35,0.026419193173245127
-0.1835716287147166,-0.5399292065378049,0.011338649511816411,0.026640137031409324
-0.21073351948127594,-0.36475964444150943,0.024268798735719188,0.029786501024281202
-0.2784647267534176,-0.46494424715934857,0.021384870184193543,0.027814932763854935
-0.34274954236571104,-0.6040113705463152,0.006996586893972972,0.025960611601151484
-0.34881990508222016,-0.4444286142163877,0.01781459750945278,0.02614575562460605
-0.48790475627473995,-0.5761242034821384,0.011008790831644797,0.024646168776042414
-0.4492219694039259,-0.6007318802825078,0.01201086251335064,0.025668318842398802
-0.47178802108013046,-0.6814703794726189,0.001647658065334611,0.022996010031966593
-0.5929064957580352,-0.9009080701609723,0.003979778684167926,0.0213713198121234
-0.4149170442942426,-0.8434209568666308,3.953691418348014e-36,0.02082739277265219
-0.3726864246998399,-0.7107975330199108,2.912507328796822e-36,0.023772721758670675
-0.3599068963915529,-0.8220465563145303,7.196713472138935e-35,0.02279033214047171
-0.3422585239153074,-1.04871791688356,8.695211565496456e-36,0.021260058602223776
-0.43548121149071906,-0.9979833757393282,8.598956741772281e-35,0.02146693030937479
-0.5053720036530209,-0.9797696041380167,0.005034215046499554,0.022781285843064124
-0.581628389384945,-1.0650460506770407,0.007485897692769517,0.022225992382330795
-0.4940498467759742,-1.0996411009475104,0.008348549269927355,0.02206578387232948
-0.3699755145639386,-1.1815724985356872,3.7768816533360524e-35,0.021440640153141496
-0.18800021054159066,-1.317488517053628,9.972181957871805e-36,0.02670140470584791
-0.2624342074029304,-1.1319534451307667,3.643011697474707e-36,0.019090855820368513
-0.2878394724601372,-0.984073210193506,4.684480744203879e-36,0.019680585579874545
-0.23788250466938804,-0.8562733145146673,0.012985482513368386,0.024406170490931453
-0.1643173118995483,-1.0905559896466182,5.622542193791978e-36,0.021605634231917213
-0.11279159347115258,-0.8830563515413986,0.012019638958794246,0.023511130812811486
-0.06877481577785795,-0.9888427213372779,0.005444913267923602,0.019631791274681697
-0.08532326941815174,-1.1347984622205287,3.454573646045768e-36,0.018781863996299143
-0.12342811032130527,-1.337582254171929,5.2332958441304204e-36,0.0251278193487515
0.05118753940915264,-1.2978421938563909,5.900564541016666e-36,0.020947805108778406
0.09086155819750691,-1.1614497495099483,0.005501871310126836,0.019024575578216844
0.18541022783072225,-1.3401139886157742,0.00835526374635973,0.022126484121775845
0.3153139745272677,-1.2329260945293146,0.006913727152100366,0.019225438962540673
0.17575252694458837,-1.0835287455171763,0.0027905652470144424,0.023526821276008535
0.24340776365352115,-1.0985693957740426,0.003850337619598067,0.020596540431665804
0.16810197948623243,-1.0157800438091176,0.0016668408642978685,0.020825825346775906
0.10260298660183156,-1.0465081343902982,0.004713841237338014,0.02061625565611441
0.011701054803306972,-1.0541357675802308,0.006696540376096986,0.023543089096354684
-0.02072665515195137,-0.753838010766958,4.181505326135808e-05,0.022600583358828332
0.015466256157373445,-0.68852603865375,1.4692592426500255e-35,0.02459576667636859
-0.04159062663951914,-0.6607721227594026,0.00018572263466632834,0.023873250649612605
-0.07678783054841139,-0.33492782463332804,0.039799005280834646,0.03579781865113651
0.02795745458402321,-0.5089085183794707,0.019749597188604407,0.030222871919100065
0.07007897252699116,-0.5145476204331791,0.0208081249104502,0.027547012569446108
0.0856832459002253,-0.4116486669964645,0.029977572469434784,0.03201559306854888
0.21555787122040865,-0.6860596587081339,0.004167154377576096,0.023851933964248243
0.11161514255542487,-0.7483936569000766,0.001451897831694186,0.026459244784484855
0.18486072342149606,-0.835141841048728,0.0015226837096289955,0.020351853363923346
0.3566879196113293,-0.93505546722925,1.0851917354828631e-35,0.019749797847648246
0.39705294997224694,-0.7565259619176514,0.0034024268276273513,0.02188908014306299
0.24810794028273186,-0.6633521941459443,0.006978527291817508,0.03050926988048028
0.24281523212836764,-0.5550132494623692,0.0157921903018515,0.02802249456220949
0.3205129300643829,-0.6874868833278925,0.008110691917894342,0.026974306682349736
0.3752154862271782,-0.5686419361329559,0.01837692850814388,0.026930523150256482
0.5210848876463274,-0.6719803266647819,0.01261507690833533,0.024209080002490103
0.5724590892032474,-0.8969753245368168,0.006547886063676806,0.021407823810591163
0.5094327328663922,-0.9389986322553101,1.1133187934761277e-35,0.019523493739188835
0.6146230107823303,-0.9945578436211395,0.0013436967813627246,0.01936885209405447
0.6824461294410253,-1.2723569544636006,0.0020496345054483124,0.02024443091568187
0.49289367336980816,-1.068551136140278,0.0009172183208164287,0.01728764919706749
0.41860224954403574,-1.0463043852847833,0.00034285214697446086,0.021690833876834913
0.33369536841855735,-1.1023622991364932,0.0036460865296768937,0.018766096887502394
0.5039986134616736,-1.2640952687691809,0.000987424954805426,0.018714249355594206
0.38486335760802853,-1.2856482452408577,0.0069871732391657785,0.02248559631808792
0.7495881931618188,-1.2048482170196144,5.889691729556798e-36,0.01817755314505828
0.7923265124615688,-1.1059099904460454,6.301039482967883e-36,0.020442542371358337
1.1944984734286521,-0.8490821531887465,0.011913702056579888,0.03918311284163553
1.107528913956457,-0.7783066461361041,0.011359611311669423,0.02146248955345982
0.8155429956794917,-0.7017893402791991,0.009577413950916557,0.024975159400134277
0.9202437930368197,-0.871905412217864,0.023137887100971952,0.02020449811463794
0.9852475168690533,-0.9888100416975258,0.006169170455786959,0.02031312334475608
0.8747105425736872,-1.0264335629970125,0.002931267397187483,0.020492085407654202
0.7512018405638776,-0.9521228160922335,0.010730272690573351,0.020951921775660482
0.7342104815250733,-1.008222943759837,8.60523444285118e-35,0.01951233737598432
0.6311212321914295,-0.8496623750354282,0.0076451020048310505,0.02216544879584686
0.7723761734579676,-0.7898482343746314,0.025551055388426044,0.024606132232331168
0.624076639559145,-0.6747601263277896,0.007187824639842168,0.0238975703244028
0.5914749090360594,-0.5950280499547617,0.000566375993315399,0.02908005090185095
0.6873559030207608,-0.4882729106572248,0.021914554930577642,0.027769877811346405
0.4768306492804225,-0.3479529004424796,0.03954190107436824,0.04693769990458386
0.4643086547859391,-0.26404255137576416,0.0521409531284016,0.03950154569498392
0.5652676350359087,-0.36299827939628504,0.029822579332785586,0.033719031429418816
0.6995838748268451,-0.35953810305429434,0.023700373834916744,0.03724804753750458
0.8462178427690837,-0.3530909324639675,0.026220608184207565,0.02663074020320994
0.9277380843406045,-0.5889716263004787,0.00412368196804812,0.02732541243798374
0.8254928547353669,-0.6060631303001904,0.011763962837995691,0.024440161947768095
0.9602795775954454,-0.674734269987753,0.00044525938300570066,0.021696025684936258
0.949254580966525,-0.5283529143629718,0.006502534569642922,0.027175237555734342
1.1981101097839746,-0.6831288674484364,0.012663721052655024,0.023311297256922738
1.2433962596808639,-0.660213158021174,0.012226063939804847,0.02633927622326029
1.31040060983189,-0.49553124830240713,0.002924420000950434,0.025787432528533476
1.1352896399921284,-0.4117316296215381,0.006187008015546495,0.02409437356082896
1.0861982196579607,-0.5132713415772514,0.009956171807350422,0.02225000937919865
1.0001402566912703,-0.41731361508484144,0.01628223637785572,0.024733799092955505
0.8740548691558514,-0.21821460329784897,0.010635697597606464,0.027294816655172638
1.0801223332325645,-0.2390981988623908,0.0010649994524640238,0.021381944838916648
1.125633515441995,-0.2920279806683243,0.0006364542375851358,0.023597056601121904
1.3016974357072844,-0.27442381366942337,4.5313114915618746e-36,0.022895384637009956
1.1559195829098048,-0.2393694473787446,8.096951269807247e-35,0.021586957576508557
1.3672850076226393,-0.21840755771850806,5.357214101232466e-35,0.02714264001000523
1.2756111678577184,-0.06896019772299705,0.012442351952924244,0.02176584624583043
0.9571138898564585,-0.02439309773384276,0.02229219477517989,0.02192839626282773
0.9051289149135724,-0.09080449073178559,0.013898151990665741,0.02563356010624305
0.8435515315888643,-0.009096022095006123,0.0345089596000165,0.027106578310158315
0.5251951061006317,0.037189402893121296,0.15757161873542008,0.06044614637195279
0.6944412786750949,-0.10581845860188155,0.05963794575645871,0.029040524430879934
0.7734167018955684,-0.21075715362153793,0.01280122253987736,0.032662593980882816
0.7251807473043952,-0.2638660993531267,0.024121740039877496,0.02986814737522868
0.5669554794234928,-0.10366684707857138,0.06300141611390975,0.034931246892109025
0.4965535712093243,-0.21472057914879594,0.05651762763058462,0.03306188901605961
0.3782270160193978,-0.11206071318470934,0.1085416871538144,0.06082435969640595
0.3217365063124965,0.012291607726943432,0.1595645833295047,0.07711177251493488
0.40520559843713255,0.026784841176704266,0.15424244103660384,0.05772504858433497
0.2915731262208192,0.033652533810313634,0.19407515898693495,0.07533101723279063
0.14292990354241508,0.08054289706786992,0.23034255788515298,0.0820922055838049
0.2133188026773749,0.03538827534807626,0.19997132332189457,0.08923636714444846
0.1640219468834242,0.02028719049544439,0.21970074970092857,0.0841059545434791
0.0833384927101215,0.062469398717202,7.376814880991904e-35,0.11425760960810097
0.05249109691149423,0.04459885509273642,0.05764592105207797,0.12090960114106926
0.02951076087929627,0.08764114029049999,0.09118844242581928,0.11775957429484565
0.10300661346681217,0.08800569404323808,0.07650736349823449,0.11149190886675765
-0.036915354096460073,0.12237489793436566,0.20048357950635687,0.16950552004339506
-0.04098609091212013,0.11102052140752722,0.16393023279970081,0.15379148417724225
-0.09765970024739123,0.1327523591130797,0.159117161815536,0.1464483895592592
-0.2526686891724972,0.18568512582967073,4.261363140566052e-35,0.10065895974977467
-0.12440604489784735,0.1312572440619976,0.08033497761509224,0.11537822839746326
-0.13503232401410092,0.13108298617043856,0.08875276766052104,0.105505212120828
-0.039119855682036575,0.08581472997530665,0.10386019173828219,0.185462639170874
-0.05237540071229396,0.10731332304571822,0.12967426227647383,0.13808653285863293
-0.0031333923523430007,0.06615071443946091,0.1148722176410316,0.13447515827479922
0.03241979882604251,0.026349628160102723,0.1668889025767032,0.17455751911033798
-0.004395191734419157,0.03739827217543967,0.1435365717261838,0.15418585026831916
-0.028798204386780824,0.07201985260251303,0.10955523162738193,0.14458060215653368
-0.12113252528375074,0.11679500134720305,0.027061699022299567,0.0989306422593687
-0.07281970855686071,0.0719477357354325,0.1394584318857349,0.159798895675286
-0.03418234458202707,0.04037495228138055,0.12444147807273812,0.11598773066499618
-0.07523900895514879,0.05870939467423292,0.13235617243494205,0.101970944289938
0.038957966338345806,-0.03389439807335781,0.1702130071776626,0.09321329280992811
0.03293685027492077,0.004900807699296961,0.1453715738315131,0.10673164443465927
0.14931785064743552,-0.08571557516179434,0.02851857709645488,0.12209713446555821
0.11977800955582774,-0.05104526265681131,0.22900970278977975,0.16722061449136594
0.07427841075641772,0.013905864117692124,0.042783786100569,0.14568693435958663
0.15703774091186717,-0.020444679463591076,0.29491862135686503,0.10227021971858577
0.19602603327940882,-0.0315110562363799,0.21216540113693572,0.13134874748608294
0.2702465707942011,-0.1041753568581511,0.049987594681632504,0.06927333575409264
0.3166000124467635,-0.2109256752126164,0.01364016453288353,0.04054024299213357
0.21412568715293656,-0.20422122599913417,0.04384801553034162,0.05449027083656542
0.445824313622168,-0.3775368402938167,0.03475194148435363,0.04013408922090237
0.4225022648593283,-0.5167818142665194,0.013903454430995913,0.029903185330099846
0.3344151569350454,-0.40867477146001396,0.011641118940478219,0.03443451570008759
0.2593619231586195,-0.3757756524989154,0.02988403075473154,0.03350539228355275
0.15812327828449074,-0.4232688724335315,0.028936406445000066,0.03725605288910773
0.06101734637607664,-0.1580635048978979,0.06917626357104503,0.09719142488885883
0.12221662039702541,-0.16987072677596704,0.1394996060080544,0.0742396160903988
0.03974525926222461,-0.050137735790912075,0.060960582219688954,0.06315670910241332
-0.04048069476083993,0.006127211814244027,0.12112008718068883,0.10559640300713226
-0.058138403918381376,-0.0001834120448245269,0.24297573631493197,0.07709671234555865
-0.12014807198594707,0.06690479879430233,0.18861812719415197,0.12780707790805554
-0.06226467347941855,-0.07610093037951837,0.08683463817450661,0.05677104473603025
0.04629152929503283,-0.21673764022536135,0.09898725295090281,0.059032722797809224
0.07630401241567614,-0.31548708276328474,0.06397125449179944,0.04504499328893428
0.012121821289241774,-0.20460589446404787,0.07591227595840484,0.07893622587661732
-0.03655362425131278,-0.2407716927432838,0.06132900324268239,0.03387271984960572
-0.07916428259213631,-0.2596041098377537,0.060246804974008826,0.046163108816342974
-0.12349337191830598,0.050586664964673345,0.034763685584094046,0.07188139744296042
-0.13389746689833215,0.09251192493860294,0.19119292053934317,0.08642203583109584
-0.1472957928797095,0.14750970551400888,0.08641047660439413,0.1561716073486561
-0.18596402860254785,0.27951051696657364,0.19386538213102936,0.07197480023371425
-0.2155482655533445,0.35894787405472645,0.1110519352795943,0.04649527812149825
-0.1863890635276307,0.2423541254388042,0.2356683696336237,0.07496634243392719
-0.1897115390114193,0.1772535683047231,0.12395272817692042,0.12795738485845318
-0.062281322402740535,0.030541793469139544,0.12287107658793904,0.11439865186061127
-0.17324483106537164,0.15560660426725287,0.12438987788724512,0.10415768255175527
-0.20737487373239283,0.18168643113625282,0.06951445787946339,0.10472036401050133
-0.3552184009717742,0.33571024348942163,0.023435437833723115,0.0454717278972911
-0.2824426780117164,0.2166915587985394,0.04964682665474763,0.059103859609522136
-0.38643868924667674,0.28242212458614036,0.038708454459754224,0.046146936010826124
-0.4040122066766246,0.38326984293937993,0.027277562061292993,0.04941338437026372
-0.17942677495207576,0.5135460934743215,0.48595513650906147,0.19174835021700193
-0.6133562212729925,0.5986040487293048,0.024054608432797896,0.03083492164479534
-0.5471387377343613,-0.2604364368967289,0.04058313649764296,0.03131839501489059
-0.6629554884002318,0.33493402381885296,0.02623955338539572,0.03747163831120753
-0.36448212383063605,0.18514425258123957,0.12864493686846898,0.06562725238038382
-0.4128819118791627,0.07641251778141424,0.11193436447629106,0.035227979919541956
-0.30673061828290493,-0.08006777707084473,0.07749975932271841,0.03896379361014876
-0.2173772709997992,0.006478592409312589,0.156117484173037,0.04271005544829103
-0.18766402630177348,-0.11305400892366563,0.14045200696649418,0.03914400163487209
-0.394396055574052,-0.20639844041855715,0.03969170352824759,0.033344771021799585
0.09284219238841415,-0.3438214742929056,0.04724665114370839,0.047927829101955706
0.05637149130157408,-0.14555190523038664,0.04464355673240083,0.07259249812720252
0.011032215986499283,-0.12337901917756944,0.08221696789457385,0.04553013213310676
0.03438233788113568,-0.03892734690249877,0.16488924583550355,0.15374015817279854
0.07208525037356733,-0.009961903274139927,0.16980655736208183,0.18981065848375547
0.0649086712054224,0.057294411775106524,4.4578767174506784e-35,0.16224356019355335
0.06757714191443405,0.12304059502719789,0.4067804867409957,0.27607777595413757
0.06787852888367653,0.10348005982274011,0.26335614974607335,0.23430548668538417
0.0625688004694626,0.1703731538483263,0.18138719700559183,0.36666183066496005
0.0658289937949898,0.1683563656022733,0.17786063620833334,0.4281908915372955
0.06263822310840751,0.213130150455064,0.09787801948812085,0.9319615100997524
0.06021460848538744,0.19473390343554708,0.29745168815170037,0.5589491576473019
0.05645907575099407,0.23878248756512788,2.339311242726898e-34,0.4070592030641598
0.05858081360548935,0.25697036279671936,0.10869038391398186,0.4803132048787319
0.06287320099064575,0.24016904445004783,8.683708556248556e-34,0.42910844957582095
0.06582150109441415,0.2427690407307369,6.596727931317422e-35,0.5119854609627844
0.06865779136886098,0.2555355180678488,0.2931159066824811,0.5420301008902438
0.07117423911335295,0.22951168160279045,0.9959748164307152,0.662166517536849
0.06865496635638994,0.1895262389137481,0.46701510611072866,0.394233260473384
0.06679866905928877,0.19635911531292538,0.6453276460897666,0.5206937377955148
0.0682002272175855,0.1555739070949511,0.39572758271443487,0.3549590823658254
0.0687988065025162,0.15002098222406623,0.030983883591581305,0.13688251067555815
0.06870334293636333,0.14980203108211532,0.5216028514104745,0.4606912436385098
0.0731865630548919,0.18862520024769425,0.23773388309067237,0.4635747910719737
0.075091874367753,0.21487443834632214,1.7202391850069665,1.172448314496873
0.0714722330662552,0.1911703578412891,0.3592643930314098,0.4750534340102275
0.07383484000080646,0.23909112947101652,0.7936235489631481,0.6982370735453861
0.07710663078912722,0.2549934530765249,0.33952488905722766,0.44863291555331
0.07787650533597854,0.2373973088145106,1.699109369075527,1.1163512372237008
0.08120711478856531,0.2601099836883759,0.4846127884785303,0.5776055886628019
0.08034770491248941,0.24096470651644297,2.5323165431098293e-34,0.9663044195016146
0.08298338285661935,0.24732372206494357,1.3299002902462789,0.538311542780199
0.0863504155344709,0.264960431567968,1.0461064975855177,0.7819608068663833
0.08558734344548599,0.2527605131083388,1.2376709159074235,0.5061843398364876
0.08158196749632465,0.2283127027183528,1.1659849811860235,1.1666703286715847
0.0769232983935485,0.20301785835232344,1.5280701360863929,1.2401579373165483
0.07830943913958446,0.2146573654576157,1.4632701638681844,0.7679470513478092
0.07719863742447454,0.2144503087544367,1.549978732473624,0.8573659735794649
0.07122964811383528,0.1710750130144495,0.10127642342461966,0.2774660771415153
0.070959873043804,0.1705713067204322,0.14504123147923875,0.3599112572326701
0.07121630411789837,0.17396337577379495,0.04189811783925824,0.3121474889880868
0.06323168605127291,0.13132119901087236,0.6016898061133089,0.2849120333551495
0.05786751531978129,0.09068276151521082,0.08043544070788812,0.19123045525212815
0.06568843433419023,0.13095516898477355,0.25686853021824807,0.35339804231911454
0.06279203635623205,0.08232350572763047,7.642413698223306e-35,0.18333196175361471
0.04883104979161068,0.07978538442346772,0.15308193726774552,0.1613728618687746
0.043927880113594664,0.0954205367346902,0.14986642686777799,0.18049292906300615
0.021415612978921028,0.09653878938614746,0.13867661726558506,0.2016332184641023
0.04708964028100587,0.1412323744978614,0.2834221452758249,0.17473382026198947
0.0574375692773712,0.1593006047669464,0.4243786977888645,0.2911157218640702
0.06513095779581368,0.1765862799966833,0.21383055000284212,0.372574198290263
0.06374723644126845,0.1615534255371719,0.3337809797384939,0.432936344221795
0.05130555897035305,0.1339095580383367,0.3659851231206565,0.19826262937891517
0.05815227251872354,0.12771492021396946,0.4125845338676098,0.2585414753577763
0.06371066875368564,0.14864492866886836,1.0004782940933483,0.39795547906745965
0.07237472618631297,0.18138169669563375,6.551119662301821e-35,0.2834688005336325
0.07345050713346826,0.18784521645406171,0.4472504830771948,0.4953752650991529
0.07010831873370857,0.17930270170248885,0.6103133085519314,0.5099352435981718
0.07778074488330533,0.20515597680566788,0.6107988203905458,0.5601871257459138
0.08375403774122286,0.22717221885147465,1.2660642546268204e-34,1.2821601583389195
0.08540263014926283,0.2351192922852916,1.84739074076163,1.547723527125228
0.08140847438192514,0.2195655628799178,0.8567000659103601,0.6886670377345366
0.07849658065973703,0.20832601126682915,1.040535437377462e-34,1.0631677809838616
0.0827848699273499,0.2291455555396701,1.06479550454909,0.8626254847513487
0.08727381207172083,0.2526935561640331,1.1563233087561362,0.47999437865442096
0.09142620506762464,0.27137157544865165,1.8207071579099094,0.8524820584995051
0.09027445377382037,0.25990046386606613,0.02411434126571614,0.6334130390704986
0.09084339466376384,0.25683417537730024,0.7332927255253422,0.6233102350943706
0.09640511485296585,0.27872141503436054,1.8688590689293167e-34,0.6987633429026765
0.09598942406718386,0.27109865002838696,1.0215996414406268,0.7118718888004
0.09628042140470949,0.26730759846614627,0.9011541521967871,0.6627893818214495
0.10460185537595962,0.29178087198814107,0.46237516442929716,0.5952323808098062
0.09680313827182985,0.2647566364747035,0.8454131260566745,0.7240212657201258
0.08759816036989898,0.23697741605394795,0.8083880995175678,0.8034858266366705
0.08693641949307102,0.23561241638263686,1.210614192495472,1.179676876189451
0.08969468531460567,0.2455825964443571,1.3016142779898743,0.927403826655887
0.08476028825740431,0.2294261841694083,0.802035776651911,0.8635515892641784
0.07632003283631839,0.20179187655670172,1.350971520261678,0.6351122077344886
0.0715189021248358,0.1898811177557903,0.361563699262281,0.43911994746406396
0.07904635285162348,0.21218799998200966,1.7563704076635558,0.9130983245710376
0.07405945846826895,0.20071032021016122,1.0998936750680106,0.655944072961153
0.07896723057403532,0.21536547881605472,1.374039205026368,0.7435156675180942
0.08457245721985585,0.23031220286358045,1.1480495377236128,1.1765480930566
0.07924159169655792,0.2199882404852891,0.37900143756023924,0.7503745625625002
0.09185298771557543,0.2477305535593427,0.4896163670010958,0.6850926041609076
0.10107725865692418,0.2705658307281711,0.6733248836310985,0.7857567148667899
0.09183305395705349,0.24775084128236557,0.8011155218822704,1.1496740877484926
0.0948904938906232,0.25663303702714535,0.6325627984178049,0.9046169285680151
0.10883923996811229,0.29857616835365075,0.6230949149055454,0.5731004966096208
0.10992240420859839,0.2922908640318328,0.37352199180632983,0.6806682694592946
0.12430000728239504,0.3202633161784697,0.4059311237906093,0.31273438379868734
0.1066439231758225,0.2779684130826299,0.05250805306641706,0.855355021076769
0.10553963947407219,0.2783460380904057,1.2856827269903862e-34,0.636178577426638
0.08941648422950277,0.2430883459136497,2.0611701395818165,1.6912856966843781
0.08747888692473688,0.24049840722584537,3.915911579869574e-33,0.8826306611845973
0.09800876197722891,0.2608882986464188,0.3525874619478899,0.6884885372433391
0.0821365503539696,0.23289282849107507,1.2772459553171236,0.7357570912753505
0.07097340969903104,0.21164757439480164,0.8357848142439578,0.677033586348536
0.06896469822782947,0.2120391871255266,0.6657380259412334,0.5913659640770033
0.05860627134493385,0.19188823705401103,0.1689203967987972,0.4639890189069285
0.05509227296811042,0.1761117553332131,0.37377003890650307,0.3731092982148848
0.06604974332827712,0.19956439370108447,0.5882183193075557,0.5054194558186987
0.07178574611523847,0.20627363196927795,0.6832404589135691,0.494225879249904
0.06771259230390236,0.1909447089905929,0.5788412635850577,0.4553363157732434
0.06016702207169561,0.17842303746223453,0.21455613188765504,0.4050192327110575
0.04471976676639389,0.14474387318885396,0.21747366230131898,0.22444240944908725
0.020899381199263378,0.10759315338277364,0.17131123629137585,0.1254530363836186
0.03482864256233548,0.15083436877984713,0.3209582651834602,0.23669776897057002
0.0459050132338053,0.1681908770421804,0.5990835347910732,0.31060019648339665
0.052154449648764256,0.1879039404505175,0.3382149392014191,0.4692527032150573
0.035688771378355966,0.1607785125805471,0.3958447857792341,0.2567346441785109
0.014141518413782972,0.1438447393195501,0.21281480963654179,0.15183993780833444
-0.02317759121489038,0.08988911405671451,0.0465729574619143,0.17300308202788822
-0.045620078662595986,0.046262215026041,0.13970183080716764,0.13191049118542172
-0.0014397768598773397,0.08233459526569109,0.07598092390790875,0.14268681933642427
0.021508879640066314,0.02802728817687572,0.162840022420673,0.15781081404530697
-0.09307404979324246,-0.03763347982432674,0.0780423430137931,0.06280402697143164
-0.08318907088780847,0.025007039031505918,0.19409179952403152,0.06753987034055726
-0.053197350479858296,0.1115995709214529,0.18352465937614176,0.1419532025772303
-0.05019141925328585,0.14289771914918126,1.501944790883815e-35,0.09253329257694425
0.0018445417481519621,0.18586679764897301,2.3377939163073931e-35,0.2738978922979473
0.018824058529807175,0.19602054981805195,6.036995686783886e-35,0.20411151932349014
0.03687569686890557,0.20732190448826698,7.491407851425704e-34,0.43570061257429754
0.05489232699621349,0.2191526171172361,3.6169602850555855,1.3292128972607187
0.05902979024168731,0.222876648245369,0.8262316225800889,0.5511760089941037
0.03227853118808177,0.20406172286666807,0.12079387831244463,0.37350570309249437
0.020764141781916767,0.1969084499493557,2.065549295495372e-34,0.3829981324878468
0.00887485260940235,0.18543403464613673,6.536909108782339e-35,0.23737846748936803
0.016781548058920848,0.18886270863568055,2.433852481758414e-34,0.3884447033444058
0.032690663771625994,0.20159384151642984,0.18401495426632425,0.43251838837584344
0.025774371714557764,0.1936363519603957,0.2178641654072322,0.3756479277958313
0.03681418364886879,0.2029699336295101,0.10336199813770523,0.41628757497743907
0.046724089818563797,0.2128574970336774,1.1463515495229872,1.35237547322121
0.056891215873238865,0.222169894279449,0.8262456412138306,0.5511688490699944
0.0674161697193364,0.23107469228567423,0.9936006811130375,1.0183307930057623
0.056023406690100974,0.2217637231700153,1.2718897951168806,0.5868498300132962
0.04170655158066561,0.21012332691342323,0.8972410501574252,0.7359807641492939
0.04477605428698839,0.21311959720321033,0.33701652568708934,0.6574035751743668
0.0624941463601737,0.22617033218232208,2.843765828721026,0.9774221130965357
0.07749623733946986,0.23670937386166058,1.6991092728175223,1.116351236698474
0.07768011351714388,0.23789824963236222,1.6991093996744813,1.1163512321012607
0.07526780896128726,0.23681532533890232,0.826042193817841,1.671879528671893
0.0892859633469506,0.24766484745701306,0.9219423548210467,0.955992770867303
0.10117073519831898,0.2581392011650455,0.29352002255519194,0.5460175389266542
0.09070628049158036,0.2505807495738335,1.5454725863556722,0.7745867142475789
0.10159516698841087,0.260553262816166,0.2639448948960383,0.5530366496667878
0.11977423162732537,0.2764537523644976,0.27752875785903086,0.6536080585567664
0.10592788971432177,0.2659836729967415,7.075160967589817e-35,0.9036863479723307
0.09427878524213984,0.25606608233735073,0.8270648248573382,0.9237490982659267
0.08533012715453447,0.24781244231966038,1.3150686507794551,0.5240383775628781
0.07861735055004504,0.2413293392925635,0.590758235566726,0.6728870133265912
0.08163764652236771,0.24399972364553002,0.9143834652934327,0.8576773700532175
0.08411597939070914,0.245930190301893,3.4953514100064536,1.4831737426498837
0.07594529955988572,0.2385554782237379,1.8930413679108373,1.1518381257923958
0.06768405873372052,0.2313673308763321,1.0762987457444175,0.9944558614078781
0.059533566183313735,0.22380922366269185,0.8262231171226981,0.5511807054918255
0.05134715037744875,0.2156743488797186,2.3320233040469907,1.0486952865773278
0.04592332676298705,0.20960921340429095,1.3561863921647863,0.8337356708035837
0.05300050485110652,0.21575651884056823,2.685023545581696,1.0996391097745413
0.059223622087934746,0.22210069005656352,0.8262250189665797,0.5511793897007615
0.06521741644432089,0.22838233616934078,1.1538849841799645,0.6750590366296533
0.07244920357760376,0.2351650853642071,0.24107914938052913,0.7189451787211734
0.07176038146891672,0.23415279673271083,4.395941260820712e-34,0.7473166694089609
0.06443107949739879,0.22599869028748376,2.257154742930437,1.4099708249298195
0.05739140645297869,0.21754066796245752,1.7533702178926112,0.7116652320925595
0.04958452179415873,0.21012009143350985,1.355848254636979,0.6191769299851538
0.04191049974326477,0.2015847248283218,0.5295997958608426,0.5567148634467457
0.04138983125680995,0.19924065210420416,1.1439726960872407e-34,0.5885314638852768
0.04758862913197959,0.20446984520419276,0.7089397985959179,0.4299369551474646
0.03936657826583123,0.19321039598046363,0.6412722584448601,0.5444240186933289
0.02488960446606925,0.1800370592535605,0.36299552899370346,0.30270905511693985
0.009111518348629222,0.16907725796539652,0.19701175655573536,0.2360957071051741
0.022600257146771052,0.18309416039125526,0.3106019730679015,0.3395565804701589
0.032116052479827406,0.19376518675158227,0.4200947650331578,0.4657420806579789
0.025912251064313607,0.1900756643892837,0.4692124465202783,0.41588403677357066
0.0023949623744131676,0.17324031066541273,2.421246775703205e-34,0.2108669099900959
-0.005525168695430183,0.1565330611050525,0.21469642416468815,0.12990863415353773
-0.019069655459767465,0.12348305301954221,0.20589180778768923,0.1136976989767121
-0.0028031619459697454,0.1496901989142333,0.22481848575338303,0.16276987345369184
0.019783416795222553,0.16999059245110792,0.29559506424861737,0.25965992967940693
0.03381489548659333,0.18237626723048228,0.6629020167330752,0.3726327149182418
0.01594260526640967,0.1590117583767725,0.20299680249679986,0.2353015729101926
0.0316698366905806,0.16929380170368902,0.4643926915380796,0.3063793082342755
0.043190767304085775,0.18758659363899144,0.4704518958994275,0.41071723623726225
0.0473475104016452,0.18869912630748986,0.3977601779622101,0.47614146049725387
0.05745528686633555,0.2006408126603928,1.0124164181168664,0.6345591318187069
0.06398472763733432,0.21377093063271702,1.0033567328502399e-34,0.7465314699129465
0.07075704993505183,0.2254951626112831,0.6990554782372455,0.7446536004329821
0.06837314170119146,0.22388522216730344,1.0587380776336146,0.9015355614086394
0.05967928057512162,0.2122536973614948,1.645784382041621,0.819203887572614
0.049457517132176165,0.199137566582557,0.47543771109163047,0.4955594128923174
0.05016257666805701,0.2026340787901747,0.42484146040615883,0.523238313977435
0.05616223170937695,0.21196819710083148,1.7397169498173173,0.6072169295912638
0.06230282918794716,0.22065821029728716,0.8266760553969621,0.5511774979751174
0.06913535905036672,0.22924762643642294,1.0186143492894126,0.6795885849876107
0.07789384795165855,0.2386361210702863,1.6991094014404367,1.1163512627035324
0.07220677498589201,0.23106651127837774,1.0004858520610345,0.8205879762511545
0.07815084161203345,0.23743627443979232,1.6991093870623855,1.116351271066744
0.08714654494010043,0.24899629488593877,1.198634083694583,0.6172137648474865
0.09732473071049619,0.2614294618884181,1.0076616681600419,1.1315992896019398
0.09791850323483331,0.26210654053076965,1.2019513741485164,2.260387532611362
0.11795847609878407,0.2889187196317272,0.1244232216749442,0.6738717122041123
0.10063847674817894,0.26573590571616346,0.08093285374544863,0.7103992346214474
0.08944664128210739,0.2494346385145486,1.4982342465271568,1.4164153943511681
0.08650682914418062,0.2463145337855367,1.7063081343958115,0.8899864029435529
0.07720601672189675,0.23215220143371584,1.2359447609678003,1.0045011818319507
0.06943295403356109,0.2178291409690699,0.31744350344152367,0.8047037307280421
0.07715978249999655,0.2275547667543817,0.9590059654436921,0.8866889999481997
0.08990489783455835,0.24859459701115716,1.1814204511566424,0.9778070129257462
0.09416327990507456,0.25446538023334975,1.2437145700934362,1.1098075736951651
0.10587413324648692,0.2744413232502345,0.1270417930980662,0.7333663024251276
0.12025955165697244,0.29804929158308235,0.3553603390066826,0.4203055531339356
0.11481924078397215,0.2921607412827416,0.20538777315314508,0.6332937439548237
0.15213034954645643,0.3431679985510365,0.26080660024518415,0.21556993570088426
0.1148135989680546,0.28719094048209826,1.6064171376087272e-34,0.5698021437032973
0.13580608069947198,0.31244738967183416,0.25708275950849224,0.33845842143235433
0.17037947515425844,0.35022081955306683,0.21261618574036523,0.1418867156908356
0.13381366996384936,0.3003190039928584,0.19532141611174722,0.39001948793954033
0.14053014443517708,0.3135874689225949,0.23722535666384975,0.23708052290572418
0.12164546649592511,0.29102901337572795,0.004999810898398731,0.5045495677894848
0.11043549308231992,0.2769195130702148,0.2606050079134785,0.7363925191445252
0.09737178693179338,0.26137160738508214,2.892129513505672,3.197899181277325
0.10361421339461308,0.26803255165208817,0.9024607027131223,1.596741419892251
0.09400357460483955,0.2573090715457852,0.8064604052837003,0.8514331135933396
0.08557586304019626,0.24797618616296502,1.1938787211366897,0.7429723221999313
0.07667555873620813,0.23850479007868552,1.699109546723842,1.116351415449128
0.08461557352862348,0.24723414188365345,1.0789830835912892,0.7893542070888587
0.09469930967443307,0.25743603253608927,0.684527804089392,0.7276719991387431
0.11047994020520768,0.2725546372291505,0.13635691460262087,0.7297804857157152
0.10728584518058482,0.27074232705968226,0.2698813879389067,0.7112449513494965
0.12779726753198006,0.2918658855418401,0.037767614505488656,0.48488629992846005
0.12642674576462698,0.28739951712503,6.829178009057505e-35,0.5453075908417396
0.14343179877237222,0.2973208462265945,4.160572893889124e-34,0.3658570105780853
0.21609296230545305,0.3530137671879051,0.08233666151239115,0.12039415235495164
0.26062721072320627,0.41460263705205513,0.0214403342519477,0.05551187928914468
0.23406922783748407,0.3552000710926816,0.09763944959079011,0.06551855212180913
0.2018901421307453,0.29663795111145963,0.24449607810929205,0.268665429851747
0.18649016637293836,0.31672405137227966,0.3436436636524823,0.17700052706473723
0.14722497315510918,0.28906236599861573,0.300348642095015,0.40232402950982993
0.13759156209641965,0.28947611202700774,0.06613142734764597,0.4027392899601792
0.13630917552089117,0.2840358706967912,0.2644820829063678,0.5109455822884844
0.11319421873028146,0.2656499835788894,0.9784088708062536,1.0189531086267352
0.12035004006712935,0.26762833110853235,9.624990346823136e-35,0.7801078375721359
0.10384271456171634,0.25483254402166333,0.061385858815712416,0.7279378390194052
0.0900617556044292,0.24422834347085148,1.5451826229509724,1.2972960063301209
0.11056943558396337,0.2555962210782374,0.9112902036473659,0.9337307105320485
0.13943943779488888,0.2727245619752033,0.9881885881550149,0.5998567018083099
0.13453546756364398,0.2755530396470349,0.33587263347779456,0.6506129534654652
0.17176343993686471,0.2899381939798999,0.3235316028266775,0.2965022158933276
0.16684156883249124,0.28193784720618004,0.4673273587293623,0.4144021467005262
0.1424104133209203,0.26622317289098435,1.6780399272980973,0.7314244894853454
0.1524998809640402,0.266503021101548,1.2233155925847787,0.528011967425215
0.13870990494090052,0.25633139805979,0.5254109639534688,0.8405176325720353
0.11496723971611122,0.24676990561753392,0.3563848944071087,0.6080793578897908
0.09713023322310621,0.2396110467681789,1.3491565970346995e-34,0.49430794840235937
0.11259910468350454,0.2495623475422537,4.750157560321041e-35,0.8921215876849922
0.12512231385964379,0.2592578253248417,0.7041790055770761,0.7647281330865555
0.10158296524845467,0.24759748618747418,0.0012576155583199496,0.5592124057310793
0.08139552538136263,0.23653431576687478,1.0145606610300821,0.7633063850681576
0.07875456455801333,0.23275112039967288,1.2675884058709717,0.959076745337332
0.07968500904414955,0.2308699424709063,1.4758159318409771,1.8802789783869334
0.05681047499532488,0.21703831629568227,2.4624616229369636,0.8555979557222402
0.05887404843094035,0.21590340151381315,1.5223408808708612,0.9640521056000663
0.06615591759477779,0.21647144720625427,0.32987771937202476,0.9648199752589052
0.09489989968256596,0.229223167910667,0.02822991643023329,0.4715161041529027
0.0824416138120374,0.22680875249681226,1.6557320170854435,1.164601485171025
0.09982821959210508,0.23665752534110085,3.123112672633753e-34,0.5286698841228838
0.12359095022479616,0.24606443954625257,0.7512511897017622,0.812057256597489
0.13685818102977343,0.2480837502827532,1.2386659310354453,0.6879935862609421
0.11511621250205861,0.2379320859002486,9.44421031559341e-35,0.5358088812382857
0.12886176508970093,0.23882772168117616,8.817516505944685e-35,0.9491735606352794
0.15114647063975795,0.2492627564315863,1.7275058758454145,0.6078963413471714
0.1688418835274449,0.2533957150172108,1.8041495791909454,0.6703396017665082
0.1885675664153389,0.2595708457189981,0.3577249274237269,0.4766798916411399
0.18635961315632932,0.27310664875219276,0.38419749881386916,0.4056596462497685
0.16240230058588767,0.2596925170374605,1.3431835709261144,0.9374934448432481
0.17189103434029684,0.27432989648666395,0.5579442230341332,0.4030271660618207
0.21299850988728208,0.29403249181668617,0.20435419493447834,0.17280495599658788
0.2186460626337412,0.2812493668461414,0.16332582301703014,0.2529393299751779
0.22163128834435897,0.2637772850217656,0.4582012740190263,0.28095116508384077
0.21973399091734902,0.2560130175122717,0.5810945538862686,0.34412397747159734
0.2196646349901632,0.24308403090209627,0.9787773026702512,0.42570840408045835
0.17754335927120524,0.23508572050880922,1.1104965614014686,0.45175272453212456
0.18940870966208534,0.24368593113182074,0.9202397192484627,0.4148238766735276
0.18118773467291338,0.247910663798192,0.6945142182325176,0.651263092418195
0.1503323602069565,0.24005930675863796,0.9731020549734836,0.6115723445374875
0.14067944446721892,0.23228771798793008,1.1669251350314118,0.5535884894141248
0.15175514607649343,0.22985735421092096,0.7689864495904241,0.5323524677165481
0.13155932215590227,0.2198257560223677,0.26389709867851535,0.4256188136897057
0.12218491727398961,0.21202115359527193,0.015176821779920937,0.27698001686047563
0.17501856516316838,0.21638333800340093,0.828605564941136,0.4060616434926273
0.16463092276895552,0.22207154820125258,0.4917646475396334,0.5774345668439955
0.19564376581071452,0.2322680343871036,1.0620990270609714,0.40704837171188246
0.22609729085123353,0.23031322220329548,0.8391310575200701,0.4881864490439021
0.20975239654657973,0.2212321045272652,1.1982431519192316,0.46872486094056637
0.21539059271745642,0.20818691676211723,0.8877832881685596,0.330741789747716
0.178276281337845,0.21030554451161282,0.8456589729834959,0.31364847697576737
0.19464961769646794,0.1973952377222921,0.4448008692549302,0.3079096090048445
0.1913441406445544,0.18142731425480108,0.3412424301968476,0.1763622046465552
0.1288242371942404,0.18863451659751052,1.552478356703704e-35,0.15118665886084173
0.13722368502957938,0.2049137264269173,1.2351157051619276e-34,0.22370190527555978
0.06254666864259695,0.17996303207540068,0.03684810026408766,0.3739236863753966
0.03201269706869836,0.19370765784888969,0.3578270978196069,0.40528305889093946
0.10015191529581335,0.20563103801098398,2.3850147868379672e-35,0.24241371058207903
0.10888292024718604,0.21643218599941755,4.478146878353726e-35,0.4514757172564902
0.09927801985887763,0.22092913867529623,5.392124720178163e-35,0.3164855612904304
0.12241265247739563,0.23200037116326633,1.2198361036067399e-33,0.5285358003592087
0.07901137926098656,0.21819129448678887,0.901192323630633,0.8849952282079346
0.06197526449467705,0.20593609200955476,1.0121384302860377,0.5847599703105244
-4.882691385099669e-06,0.1848737849080183,7.239436119960331e-35,0.2594254860092736
-0.13471830341067403,0.09731107415845791,0.2403818080613987,0.13454821480064863
-0.1657199992383508,0.13016884693606967,0.10003214828112374,0.07410500820864437
-0.07928458428992669,0.14803951847653352,0.02048535959521057,0.11206051709894567
-0.2138745108959107,0.14644098847136208,0.0652130353161008,0.03897659039941751
-0.1466582551384249,0.14784380425452867,0.2135098572648508,0.07910954350009076
-0.09353586092338995,0.14328680104775032,0.13011363184236663,0.09189746640372579
0.08026443931431082,0.11576510605573498,0.0021229779721330475,0.11730753126345746
0.01255527918539312,0.16094958936676595,0.18917011922259727,0.20795543673974953
0.16243169682112513,0.1716399674989994,0.12886980148814747,0.15420686182292528
0.20839344529847315,0.11482482531289356,0.16458716347175545,0.09065942407616626
0.26984221166246336,0.09135299056043161,0.12222154782406475,0.09608745720847472
0.4792507280434374,0.05794297411513888,0.20501135230103124,0.074011505157402
0.4323987645584556,0.16322617857158028,0.3220851630269382,0.055339095592301914
0.3051324781018283,0.14868632854601538,0.290779213825052,0.094550096688725
0.26875312783634364,0.14986705442943962,0.2513568080538539,0.13917247169487298
0.24743759256788933,0.1811005322276177,0.4467066336395688,0.17104434810443747
0.2709221082529131,0.19737837461384108,0.4685224661059804,0.273273829397591
0.31276370118428776,0.18239684791260743,0.4695665297126953,0.1265621279575581
0.32694883177083556,0.2142325738089833,0.706827960094525,0.1496167299128625
0.2921043270297985,0.21450273862148417,0.6288318826303838,0.22641907764930136
0.2460948062086986,0.20354015935474168,0.6245133180611888,0.28238239562244405
0.2638593676052532,0.21991459367501728,0.5740822229125637,0.2635438003915429
0.2471883770496892,0.23281556242019802,0.6559828440986094,0.3478758388996159
0.29426098227908104,0.25288642984169885,0.2805034445377397,0.124592564620982
0.25708373963983155,0.2574746539517153,0.12312632880847671,0.2198224641331578
0.310452913068303,0.23851525381120484,0.28932724158690404,0.05783626363322074
0.4819783602424965,0.2350787965530405,0.08194599733724932,0.03869662551167055
0.43044278563783855,0.20222036233369045,0.2510435553222641,0.06656125929269649
0.5529433454182786,0.2910657583502504,0.03633411055093956,0.026421552043162932
0.7482206146278131,0.21709066818746214,0.024277840486023074,0.02269208089295892
0.6648420177400349,0.13133509543271848,0.03719556924845326,0.02593337029915172
0.5224479956622226,0.0962908282900072,0.14179818601716596,0.050092281401703444
0.8136624746260124,0.031239275085418572,0.03179740935236794,0.02522363682338175
0.8834355132950418,0.11755582429550979,0.013967658473885989,0.02246536237752418
0.9241153574031525,0.07485382177161713,0.014168708259872374,0.02438818969673859
1.2050285807559789,-0.021787180859483654,0.015852679352868635,0.019027050315350107
1.3215811619292273,0.08011034087573471,0.004418981125729838,0.025836989722862906
1.0446496848083227,0.14844203967432898,0.010888151512679549,0.018286395220813975
1.265108481771368,0.20007542019676477,0.0005686970435128464,0.01977619161125869
1.1459986880971065,0.28443258461020904,0.00637112024210312,0.018290581057060676
0.9929801170187941,0.2551996915073947,0.013329588394558228,0.017648317023936405
0.7950719643919926,0.17672876614883737,0.020940537179780217,0.0218734517935357
0.8346204059496656,0.33791746533039024,0.01842329721533002,0.01841147688925024
0.8564718610710245,0.40342112882129355,0.017143158438829364,0.02057420742883056
0.9267261181619206,0.3529702007153358,0.015368124184343046,0.01902038805721357
1.2240968018656886,0.3554193886314238,0.005755627027218472,0.023145962562969337
1.0854052680207036,0.48128415504440014,0.02227172103376505,0.017607046559119415
1.0240064992315547,0.6353065005027048,0.03882589530972454,0.023998802104070755
0.9367781299361599,0.5292730843840516,0.02219014825579218,0.01906096364277976
0.9066566224110637,0.5700105511816123,0.02181980426674837,0.01737914331953138
0.6729637613882051,0.5981063428506446,0.007286598221066627,0.01779671370575173
0.5878574778824995,0.4487249039243042,0.02656273315428642,0.023862486122429194
0.6954464350500159,0.4524922825061275,0.03038909977177495,0.02082095150109143
0.6499000924738195,0.3747032416065239,0.028861604092714654,0.021940199856938184
0.637202668374767,0.4447586012606692,0.027940376607631826,0.024176951616915875
0.4940305818810271,0.33660026851571606,0.03751203293355989,0.03171652822033694
0.2649227537658565,0.27429067587617845,0.1640366248095709,0.08670468288984677
0.3528530242256803,0.39417555809713006,0.06077763099869156,0.03324815017134698
0.5068656828380453,0.4770371728670372,0.028189135038000267,0.030121674804622658
0.4304035109032607,0.48178660223494313,0.018090827521111054,0.025290262986197198
0.5151795182536347,0.5809803599998009,0.023956980928597906,0.019837953650034948
0.5812428373941496,0.7281080053289488,0.010904746052907588,0.020412973601832776
0.5374114276321347,0.7317259998672798,0.006103666266475725,0.016997390956033566
0.5864272346800014,0.8371210773468807,2.9047822962151474e-35,0.017673361159563604
0.581078792578309,0.7460196721680287,0.008817027727838173,0.021854176765843746
0.6911905794458664,0.9110055901379209,1.419843421613262e-35,0.019112076207476125
0.77174036214654,0.8631994020638795,0.0009332400035340687,0.018856413160556064
0.7170982392746509,0.7694071619101792,0.0005495371341311196,0.016115809721707473
0.6386716497010185,0.6033297126071907,0.003594121394840107,0.02001474869382976
0.895204634756349,0.6488279533850487,0.025444635850212324,0.019607356942491515
0.9398393232515871,0.7402476097260654,0.03377857514796151,0.02134286752217838
0.8770733272247345,0.8859732659875734,0.004442110570651884,0.026720117985221645
0.6579180524987737,1.0146139325171994,0.0048825550095002645,0.01958084634692966
0.5920086641510338,1.0938961994738468,0.0024908708803071124,0.02182699993790701
0.43406343899314703,1.1654587646134629,1.1588652621658216e-34,0.020431060616027927
0.29308339787525295,1.1647876951258023,0.0059710558853788235,0.018263847712339347
0.37931319137296177,1.118601856504314,0.004919135315107406,0.01862794360218787
0.2722274421013562,0.9933827844755543,0.004303775182743353,0.01665799770390299
0.32412295508789496,0.8258795947100928,0.009734322160850729,0.02034881163137667
0.4237191503722795,0.9297587223763621,0.005016714218234594,0.01750442610188908
0.4902971652924789,1.0317415271989774,0.0037022226637565274,0.01842676784545171
0.4871258674636989,0.8958546316121583,1.614798328587697e-35,0.016450543441724908
0.3679105567982001,0.8171110994370423,0.00932827792881494,0.01733607659884225
0.3893058234916571,0.6693838871766683,0.018417396040173038,0.019572630139151042
0.3765150100229666,0.5763072027742442,0.01887205426506847,0.02205296993022406
0.24755976509221478,0.45519091795251654,0.029582197311752007,0.027696122219939202
0.2693470119568229,0.5821121797031317,0.021677516648145014,0.024462573083927918
0.18767069923794444,0.4378758524879862,0.043765389111413915,0.052565464685718086
0.21125389697220975,0.5160286261298221,0.022685374292605923,0.04686664207308716
0.3049727303852633,0.6437540342107103,0.016058813583416046,0.023402519846622394
0.2802675070941635,0.793121591668842,0.0065133756669276364,0.017873479655016802
0.18925410204153836,0.7147090940249156,0.0004182850506223657,0.021534314578709402
0.12420968253480608,0.6116057541902915,0.029382535321954853,0.02976286724564783
0.1834542988932908,0.5215717130268915,0.023723841290024823,0.0377030885398576
0.13643432635615482,0.3469202576176883,0.2362431538532547,0.14621993575021786
0.12283348578138131,0.34799234568303294,0.13821238503118363,0.25345504376962324
0.1145352554135384,0.3566152695215703,0.15556268460227682,0.22866033336253688
0.12017145798844214,0.35127941039842314,0.1067011635249185,0.2995865669661588
0.10660762230653564,0.30672988350210495,0.7089286990227365,0.4706157914903411
0.10056641433354596,0.29873986296464283,0.06311039303084102,0.6119124453878734
0.09601928033898291,0.2932066551034008,1.263733216203916,0.7780319828114619
0.09629495287648099,0.3072154364401254,0.7924235403565669,0.5970786884796175
0.1019924913382047,0.3240779297101426,0.745824840185042,0.41140890884726716
0.11127808709476866,0.3593814282683713,0.18767544938818886,0.28921152085258206
0.1326583113750311,0.41130301685900883,0.06424719453572811,0.10709544849737286
0.07726546114830611,0.39739513062454257,0.25684917561575643,0.2070603862757758
0.10036769094733744,0.3699312422958345,0.30108119100322095,0.2525061118709283
0.09054556690900675,0.35675711210389816,0.5868787334998625,0.3187859290729578
0.0868818233731378,0.30799240671918304,2.8288906330487897e-34,0.7711152827469935
0.0926634012793474,0.3279135664780852,0.761056411009623,0.40321205669944776
0.09286513810253857,0.3039719907962378,0.5267690288423993,0.5787770097445525
0.08906616164394326,0.28608099959011435,0.14000126647892264,0.7054104585566586
0.08475604557391092,0.28273269215378916,0.21028642942611664,0.5906667146603249
0.07966875886297328,0.27997212599925303,2.0805420635312707e-34,0.6151242295531705
0.07563441967634225,0.29149164351105883,0.39677093925412105,0.6336218579049667
0.08040235110082397,0.3225190588367689,0.7702978038070979,0.4900324991697567
0.08329307073330158,0.30604815380239736,0.04397979447483469,0.6226485179394214
0.0829125005983332,0.3672637261540608,0.7355281107901375,0.34404461230483724
0.07554845322595355,0.36665073638542967,0.8551977347801326,0.32915736518301325
0.06670554426024715,0.36702025040957553,0.75850811251845,0.2894591228455271
0.06378025970661091,0.31226539817350873,0.29029915756358604,0.4694738377725945
0.06860805976311195,0.3224955278397903,0.3466334910157969,0.4000186451751431
0.0720335908517346,0.2881679622237221,9.826261402031647e-35,0.6317780453363547
0.06574147154809942,0.27844868433447967,8.670603629014127e-34,0.4915408024198623
0.057334764054743574,0.28064804634297735,1.685146281871668e-34,0.5749340511346245
0.05075945045836548,0.3049323650932094,0.3775357464079133,0.5060794004529193
0.054654487098336896,0.3146411487070666,0.290285053542067,0.47637828315867164
0.058661183804612556,0.32584557016181137,0.20902651975505865,0.43160749705361484
0.051808146784528705,0.35505625367891525,0.8358738776496909,0.392717847717572
0.04457006758823122,0.3938527584387612,0.5344969796027892,0.2790633550618472
0.05412735947003367,0.4070669548065775,0.3115023542028964,0.15602109198751107
0.05627329916245161,0.5013943370946579,0.020226335158633046,0.06021356768313997
0.07586866753095815,0.5628451922728607,0.04078379037885951,0.05415318482447696
0.09927561492613107,0.7356866346578216,0.01506783638319605,0.02311028987060315
0.05022522827477943,0.812339590130788,0.015602862883003806,0.025034924236492773
0.04029191793268898,0.9276837159426841,0.0075664311602242195,0.020493789416514398
0.06454793769035234,0.8866190342894523,0.009908196523455334,0.022664899432999677
0.1572100308310867,0.7879736790988342,0.003681501413228747,0.016951024128401902
0.22360318039811336,1.0091524118944442,2.1167167010445426e-35,0.017943479755450756
0.12769695933702216,1.003563085386969,0.004674796770515179,0.01724413994651025
0.23697215776470004,1.0962319277877461,0.00517264400678362,0.01777848046760758
0.18565381851129728,1.275768572271232,0.008119787766488532,0.02160368318093115
0.0831275031395933,1.2083223321848413,0.013420795854056311,0.020937982536465605
-0.0017752121162914539,1.0850683158007115,0.013702738896079293,0.01859063785389638
-0.028298423318494317,1.3322609956134799,0.004097527455804071,0.026389082411740986
-0.17811876127831824,1.3797441620475666,0.0014817771810656658,0.02888174083616456
-0.1357645405454264,1.1082609932041758,0.009268461699645113,0.018717798892938526
-0.060961628772762955,1.0143980537205506,0.006531362056490182,0.02164665898485066
-0.08371358744403554,0.9103555929401721,0.0012410672176448299,0.020161794791974844
-0.15197563737477765,1.0291500207244817,0.011029778384453853,0.021042576071172926
-0.21389022827960333,0.8929346934354399,3.1456882047835874e-36,0.02183826824583065
-0.25537539530431863,1.0375348493112506,3.424559228625101e-35,0.020441851306263754
-0.27386446923444185,1.1366242836466665,0.002642217135090594,0.020312132443093888
-0.25836096317362345,1.2922220275284082,0.0022408136082576074,0.025093271537246328
-0.45992058032854605,1.3002819674294608,0.0023757487480160727,0.02407005546759701
-0.45945712443022335,1.2042452535811834,0.0029006782915994497,0.0206546445026388
-0.6506091785760582,1.2972625102739017,0.005612341529269607,0.024168345124366452
-0.6401981495991068,1.2131326905886435,0.010314837837798636,0.019150774295987754
-0.6573210191956533,1.0120115129005485,0.015566303525269966,0.019406258261312342
-0.43291245616032537,0.9372520523906139,0.0002911256581753824,0.023459683800766604
-0.46920464506727566,1.1225631432766976,0.002385024317959355,0.017461816416156427
-0.35482571801652696,0.9940450876367012,4.002728470680836e-36,0.019704287089610868
-0.2881284450598971,0.7902065680855004,0.047567302169634534,0.02609599721929612
-0.3882450177173734,0.721043600814774,0.09965978469752176,0.02797169260808778
-0.49473298473942695,0.8850561896581274,0.015263412511156638,0.037506934557289415
-0.5715878249755773,0.9116555843560493,0.013724903085898533,0.02277302784306063
-0.4802040593172253,0.8246729518475784,0.017485845829170905,0.027274950888589947
-0.5244014342222718,0.7059262620117619,0.005030168668114888,0.030264593716333152
-0.48782485894855687,0.5813476506841642,0.007601774615057591,0.03354739765348808
-0.26526195578123857,0.486385479045334,0.0349364824723443,0.043701975234017955
-0.25432215561349036,0.5446473042015362,0.19379651375535883,0.04062910738587331
-0.21771450830873612,0.5393959311768868,0.28431999275520875,0.19244163044252932
-0.21628181460386942,0.501787496583079,0.11402971707838677,0.13568934830587293
-0.1489482536656831,0.394712374215185,0.3124288266726753,0.21670960500947334
-0.13147739693988242,0.41135666153956274,0.5465578566009307,0.3306922560621303
-0.16325593417260587,0.4443771117046639,0.41053632763815523,0.1050762089933239
-0.15058251381577842,0.4590982667136725,0.5830679767287131,0.39253328846312957
-0.13555836293741041,0.4522509996087335,0.44882965745260306,0.3236890740543958
-0.1261280921250688,0.46259742763192124,0.5605784391134128,0.46410764141747574
-0.10983793263762759,0.43194084716201553,0.9268216700199101,0.4158147390447938
-0.10444043287748439,0.3999075772166908,0.8324275647059027,0.33647773782708706
-0.1271636009741069,0.42690352912010154,0.6067895872977445,0.3945589301067813
-0.09686662209411628,0.3658998786469868,0.31229656843877135,0.20728864191717328
-0.0812891940390833,0.3533844188014621,0.2337922318535135,0.3488451741560312
-0.06982682881536706,0.3614286687409344,0.16687231607962907,0.4528673058274062
-0.08521959374959648,0.38825352356610077,0.5070235445551944,0.42008103089175636
-0.06545536689711062,0.3759674095526009,0.47189342524682726,0.598292572803822
-0.051220358035693025,0.3499379653357573,0.49496165405663484,0.3903956634720813
-0.048446135046746275,0.3315255727435025,0.3972770050380827,0.37752363975643755
-0.026393241206893958,0.3181626257615414,0.46665563469235705,0.34495009861879783
-0.04228229002121309,0.34825506852214216,0.5108477315923584,0.5023714716569069
-0.03851468958639914,0.3614662755453144,0.5521273998634512,0.5208948085871652
-0.05131527671328312,0.38446515073738974,7.099118817172252e-34,0.6541146739578186
-0.05465711172846188,0.40433344076900857,0.12355651250250992,0.603014980840045
-0.055749969234926866,0.4231648868792487,0.9750201269654435,0.5921732732666343
-0.07322715740701402,0.43308690937232697,1.2776121816657708,0.5714914390823513
-0.08143034355333273,0.4276703422670969,1.395077643428076,0.5467439411888301
-0.06776231204389116,0.4097115936884461,0.38238339846690256,0.6079277089683993
-0.07081976563775544,0.3963885784075637,0.20148149280821578,0.5022124030745188
-0.08932997744543364,0.4075144210959387,0.838753108974808,0.42372844477849575
-0.09685559130239535,0.4290010138884057,1.2263186488621685,0.4868567882385796
-0.0968743253512388,0.44640913657745784,1.3371304896381246,0.5222094953981857
-0.10847257115355557,0.4704424478454089,0.7820303902646566,0.4403734779702098
-0.11942189992943175,0.495948260303676,0.3505846068112233,0.3676076058188408
-0.09097541438160439,0.4965243987308454,0.2784783960426635,0.30418087218829787
-0.09393019622253562,0.4725494468643934,0.8190518944769842,0.452427237898279
-0.0754286052082922,0.45246836411746494,1.4293842359067255,0.7161499983039367
-0.06359956669006941,0.4587894269166358,1.009884455353097,0.45857178116076625
-0.070920509984741,0.48744273937107996,0.43485693664015157,0.33241399654347603
-0.09957685354787787,0.5308214405586651,0.11131211002241119,0.12090096475262839
-0.1497743895804034,0.5635954497314901,0.2534434003123752,0.15059209973910545
-0.14044833217763186,0.5349774476746348,0.2565657019155851,0.22688544091594337
-0.1323734065863978,0.48324988313470496,0.4660661390472235,0.43059605881923596
-0.15750443874996267,0.49647109724243565,0.7241483281938892,0.21800686714953968
-0.19143169390160047,0.5631848028845505,0.30787782722444135,0.10442212733700647
-0.18485162757562285,0.6920180578286195,0.13069651382994396,0.03674787926685246
-0.1700240280504682,0.7424386538381076,0.010759258864125043,0.02911207901242497
-0.14302581969975048,0.6252995078484708,0.09387993075080914,0.06379598169159807
-0.08378240212135887,0.6929341545273393,0.021652873411826302,0.034294183465679834
-0.03268243308402663,0.7755979051466837,0.00902134012444741,0.027566503467409458
0.0241541949346887,0.4869621493480899,0.05694568181928349,0.09392166885526132
0.036542389866004464,0.39710257947842764,0.5035664210748293,0.3670292766993632
0.019071488114127164,0.4034584970505467,0.7319555976941449,0.3295906336609178
0.006164560115764495,0.4093622362857182,0.7464327933116667,0.44975946012729623
0.004654848843091364,0.45145649314074643,0.27481649855496115,0.27246281956468227
-0.04285870788938159,0.4931693616358893,0.22346796715291925,0.14483391341021007
-0.061686970054115414,0.4876508599015362,0.43753200230775147,0.31027377214635116
-0.05510432892853562,0.46026864714173277,0.6477189538958054,0.3443295111732012
-0.039457446614764496,0.432874394154791,0.9449105394004614,0.6032167287391366
-0.026411119296731594,0.43981504605231314,0.6707052877652675,0.35284470224353043
-0.024412871852889567,0.46449143417378747,0.32613855357598687,0.2587917362480072
-0.016370666399175726,0.42801500895498734,0.8300733803579973,0.5002511367173932
-0.0028495867449586376,0.39369067499546795,0.47610002095612897,0.592134663503071
-0.006329251907744915,0.37718409737767167,0.3443587805971382,0.5524994410285377
0.004405531362585036,0.3566977367438121,0.35929849085734494,0.6624072064986647
-0.004093860227298102,0.3553311693252541,0.004281280289335896,0.6616359452128338
-0.01676045846272123,0.3630936984000104,0.3586028177009535,0.5098952780404296
-0.017515911284895797,0.38240541988198784,0.39074631570425306,0.5094021006938596
-0.022430958307235627,0.4043623281509582,0.7531348748230008,0.5792866262183002
-0.03885338212482281,0.4135801109509408,0.6240155211357018,0.5743774321177452
-0.03983539303827471,0.3957396178151479,0.12911729414503986,0.5563012097303255
-0.027766822714731604,0.37738199130414296,0.4587137321585118,0.6678724134474366
-0.03261662398048165,0.3672679625807065,1.0673715593209498,0.9972253108035734
-0.01951393464769388,0.3439077176794897,0.6658928501828872,0.5484826504709007
-0.02213570139140547,0.32755488711370884,0.5720122603357346,0.3975282490391106
-0.005159144803571686,0.3009057851823198,0.6740683235738182,0.40365559888277824
0.002668985952900743,0.3058972987519931,0.8971920171813635,0.41325965154348826
-0.008985292644414722,0.3284897524970778,0.9414982823593134,0.5254852199330377
-0.003922470910063897,0.3363196570103745,1.1054777287215471,0.7821012483592152
0.008303631604833023,0.3284758171479323,1.084942365907911,0.5603148053157603
0.011699119685894238,0.3072055862562213,1.1027795356872505,0.5931805535430126
0.014896978444681713,0.2862825429897118,0.45982260313853107,0.5397645736105604
0.024349454916744756,0.28311466111898054,0.5732079403807651,0.5066516975521415
0.02633175113383729,0.29747198314144097,0.28957679772497574,0.5972132377245579
0.034892626292281695,0.27206131772674813,0.5311395409279862,0.509478738255613
0.03110173045188286,0.3043543375737501,0.7387982456848061,0.6862487557517997
0.024145460458043624,0.3388946008501872,0.4713189256078145,0.5168514172965318
0.023169742521898573,0.31927146835673537,0.6759954396990133,0.5970092931330706
0.013998946451672545,0.3388969939059212,0.6122580779754232,0.6557186136390668
0.006533183534264325,0.3809651706404391,0.6019101146988681,0.5021126517041455
0.01504828038746793,0.36908945473861177,0.7461361927732992,0.6802917842569878
0.02008501824498693,0.3821295026473651,0.6122569934919722,0.4559958059199205
0.03413441055508043,0.3547244088566247,0.6095599325954776,0.42406152269249475
0.04110566137844276,0.35266119218229297,0.6851787557369332,0.37973914818637816
0.04494098348441821,0.30741413768719705,0.3717570252621161,0.49496444732811967
0.035978665057996906,0.3328000977092501,0.4201423647965078,0.45189959123761203
0.03593272414793951,0.3066767981570585,0.31140574587315195,0.5172383480470891
0.041903100647432745,0.2674157191644858,0.4341025214588305,0.5522198983514934
0.043441834574841534,0.28633856233303057,0.3504605819480574,0.5466937008497076
0.050131865129284824,0.2657693459035503,0.6819587607402323,0.6038211436197618
0.04972338448163287,0.2418906440203482,6.968659813904094e-35,0.44464878074618264
0.05498478234631195,0.217691984470764,1.9626748591204712,1.146695551798683
0.05221741878106874,0.19978567402481673,0.5378084096994494,0.4815838188491635
0.04434456845368151,0.22590721109211775,0.27593282941527514,0.35215884200450553
0.04314801960623843,0.24644807026276927,1.4852144613181913e-34,0.43337143302026704
0.033002991680370214,0.25403491468768136,0.09787594052659979,0.46689894527870407
0.03713956039970115,0.2319034663127909,0.075556342386862,0.38694190807579043
0.040707492570970616,0.20099089308630091,0.133585543927627,0.520456204230821
0.052681314512690036,0.14632521761166672,0.2451753723596905,0.24263933019750908
0.05295352177969642,0.1705655957847263,0.44781912980111444,0.3106867844247047
0.05996088061903168,0.1728175660038347,0.31454394566271343,0.4404849883911288
0.06857470656927218,0.0911240433674938,0.05283811268985799,0.14924022782739088
0.0843524019431782,0.017046142340016224,0.035773702140511156,0.10641416752031795
0.05531071613061789,0.1160788373621866,0.17234979383913976,0.16746442534851996
0.05294579837223712,0.101302628694237,0.13706132346596728,0.21546966777504603
0.007907994155424647,0.22394499577930904,6.813923948701217e-34,0.23035978947276314
0.03311152506777687,0.17136883758468402,0.49175224611297436,0.29811553898067844
0.03314988325475318,0.20017262010374737,0.1791984028884868,0.444574436588654
0.025131631726672155,0.23323706533079314,1.8518597608745976e-34,0.3444498736429705
0.022602665059818894,0.26210469063024155,0.3756253034065754,0.3994412006714534
0.004930085533172479,0.2758946619020143,0.2479730205655848,0.4419041832106552
0.020398985448277868,0.2290819776078984,1.775661189814805e-34,0.3147819280707165
-0.0024767668327401737,0.2649168489251159,0.3609304477004616,0.2948335237210985
-0.01425398187557525,0.29056196483626684,0.3700603847149398,0.3794745273636074
-0.02894314774273249,0.3014656595850297,0.4295677453695741,0.24504430234148658
-0.011077933383069838,0.24780952157711433,0.32972204134156924,0.227231516952525
-0.008199956386059304,0.2105849646578687,3.5444997812407015e-35,0.13419770884019816
-0.0308070990829174,0.2570474860321731,0.43458658030870856,0.14332430350130174
-0.05541134310308615,0.32033441416096975,0.35188372505370613,0.31100006605657526
-0.08569295473970684,0.3407315259993944,0.14330992653000152,0.2376420343898918
-0.09546332510319494,0.33811667948164903,0.11974067373834651,0.15871817679126185
-0.08649450330822278,0.29402870080421684,0.16419539870767863,0.13313256338989699
-0.08670728188599419,0.2583605131978305,0.021866154994401664,0.09706199980088945
-0.009630836953811062,0.19638122292885996,7.132772296524216e-36,0.10930013925107024
0.07515153840326677,0.03660226667122746,3.0623220065168755e-35,0.15878768689499628
0.0895069688746234,0.00497688122445461,0.0838636271140906,0.1548113567114282
0.012610018778244636,0.0907983521201653,0.08208768392530347,0.14816106641085416
0.07164067285539594,0.02095515994298025,0.005461185422618705,0.15634617370310766
0.1029103704708264,-0.015264412197332322,0.11436579724707772,0.10276176339767627
0.09851201483252126,-0.00787812911801844,0.08803597637664998,0.1387100039639424
0.18928487420639967,-0.12970188844590913,0.127153633881518,0.0993408628893475
0.14382411349339974,-0.14257135919065111,0.1714297175266374,0.08940086475048568
0.12339491052005142,-0.060323303611321655,0.2559097127118448,0.19007222033446378
0.1078031456119174,-0.052106562993995076,0.1763653971189081,0.11905444952051497
0.11022292846009715,-0.0716661116359063,0.10769659174890454,0.07916228067616435
0.10682953564621506,-0.15954890774507136,0.13192089588156436,0.08408005743224155
0.11238085358256648,-0.251658376632547,0.09243068476624504,0.044970033158213074
0.23425143536209975,-0.20996293875062116,0.05866504191051523,0.06809105430506268
0.3602157241536038,-0.4386298959277848,0.009711379481103889,0.034770650421212856
0.5574278629434088,-0.47328694068984667,0.017707581249050523,0.03387038737757249
0.5376009640322135,-0.008315707210149847,0.11562126362711417,0.03736614670765688
0.36935149772074294,-0.15474223403100434,0.05949238808323345,0.08957138902903115
0.4039670493033933,-0.06314406127106625,0.05915090227733955,0.04092304779065007
0.30616065305673834,-0.06775232946457156,0.12833229485497552,0.06245399221385335
0.21092138656969472,-0.08064712415561015,0.08803996016509115,0.10714131997589557
0.3891410901741111,-0.19758192935102034,0.054355487043024085,0.06526660485393508
0.23077013584878414,-0.16726739301146248,0.1135214363089393,0.08694819513344
0.13982334255679368,-0.05047378882604059,9.004063056681062e-35,0.1685409323997623
0.1313681692381964,-0.04079893726027073,1.7777394027757516e-34,0.21684738834902464
0.07919276766171646,-0.005612393807471805,0.11367864167897795,0.1289385674747686
0.018252017658390907,0.03052430766892178,0.15822087556978898,0.11770269827226824
-0.0650716972482065,0.07496965624482688,0.14862368081133964,0.1337583999445971
0.02743794695881574,0.01476374541679748,0.11375205312140896,0.17436395086167242
-0.0014587289476752918,0.010784594096512612,0.12720761346536139,0.15046656865694202
0.06627425977706769,-0.008085720301886756,0.18375361313837063,0.10738699056002814
0.17431411605824065,-0.054721894824664774,0.10382142959614593,0.1457999486150731
0.1160471535653167,-0.031666861746631136,0.3476788933001795,0.1533050210330946
0.20126469569239958,-0.0373307937871578,0.20878262418627969,0.08043313342132487
0.10821946024731421,-0.029846908687463716,0.3536157314257731,0.12955823586892207
0.006729263430995336,-0.009505130525990668,0.2184296416161846,0.11260321163685015
-0.009226555790892266,0.003845296347841476,0.09412164535216694,0.10829653207335382
-0.12973234922114985,-0.01352548524196761,0.14646230593684906,0.04440646701460842
-0.1937916443558788,0.031000617804824493,0.11696879260406212,0.05947256143906691
-0.1302981584182339,0.05033838303190458,0.1120202986902676,0.08516350088573574
-0.1367068292804281,0.10728446345875853,0.26548032216559864,0.11875474167023849
-0.3158730949199723,0.20682471424737292,0.05434452984686787,0.07114958572976675
-0.3479494497539156,0.2672343675392127,0.02537630370294243,0.051652981890541766
-0.25633200421235747,0.1873285311995203,0.008507738222852161,0.06501806311504069
-0.08922470958740769,0.12341296149562142,0.1562086471889249,0.1011208842298941
0.04320578403964326,0.03206345123141435,0.17400549714437186,0.15158215267081881
-0.044210511489257254,0.12339699302937934,0.15192734654533,0.19391240631072573
-0.16578530317958606,0.2066854022853094,0.15547276265788915,0.07145230039907123
-0.07719130261209217,0.20576821886453023,7.233821352722273e-36,0.06319862320029941
-0.16594520069287616,0.37042706685483084,0.13642339421946686,0.08254633147300441
-0.39661314518394375,0.4859447687603078,4.3427167475693306e-36,0.034205468915139974
-0.39751212786534984,0.40341689002775294,0.022057253646290326,0.04795501317303517
-0.4817483262749155,0.5284388968460314,0.014721273524866409,0.02955718856159452
-0.46663374303002214,0.3792285006960643,0.05156224131348446,0.04106389590309201
-0.7178090465199556,0.5394243370595269,0.024240991632105448,0.030073984092272042
-0.8548451927092682,0.6027597392029973,0.025844428904411812,0.026600602964305792
-0.9258019836524499,0.5806361707563976,0.021389549179164708,0.025035640936013952
-0.7109939769126126,0.45826700081928123,0.020694560902323533,0.02762909055763435
-0.9118128515867853,0.41641147589289396,0.005609265991890149,0.024378074902735948
-0.748869943325427,0.3252414227385375,0.019311081293054613,0.031497733980422334
-0.6253140349630987,0.3219300638712739,0.022006219500401585,0.029248844709728213
-0.47333774509881743,0.3567108920777894,0.05572787722663555,0.0411320547839106
-0.3914488779185442,0.16921993869852067,0.15392852304222354,0.05225169222658221
-0.49246503806236763,0.19251022091037723,0.08272699512412762,0.030856490072587697
-0.38781846904969386,0.13274902127499652,0.1294719369441047,0.036684886266418464
-0.3413369559060805,0.0028988916835865075,0.05162315829844222,0.03710881659358061
-0.5255368274138565,0.06988232858686313,0.08705884038172318,0.03144967064042695
-0.6289652881545907,0.08271137596695036,0.051859504736237655,0.02844868493687485
-0.7706327112563269,0.029085377612823315,0.03502556314043188,0.025442165874747527
-0.8156807798185028,0.20714188018390586,0.04018823819413784,0.02618444916039625
-0.7313765890532389,0.23247079662095013,0.05348635299207674,0.029126392272181657
-0.8479468838926206,0.2713464231929166,0.023666749401397805,0.026612088767550373
-1.1437551665742745,0.3438737504158401,0.001490314928918317,0.020461183077569244
-0.9695781517651706,0.18992438060765096,0.02800069949876874,0.021706212465799485
-0.8956485821119834,0.08786593043972755,0.02614440606613223,0.024342583599791523
-1.0880297649707233,0.05541895843158118,0.011397044599731334,0.0215589015786971
-1.2145920035023359,0.19265667187122365,0.013844194564344324,0.020083315839458996
-1.2953356071910285,0.09686808588100032,0.008623241763675873,0.024171990170615002
-1.3393144606290037,0.29772157356841333,1.224354501678889e-35,0.025638112292650377
-1.2491939374099545,0.33016100041073265,0.00172366532217512,0.022402954272588548
-1.3276374618405626,0.4335752182138043,0.002478664611480946,0.028963265527291625
-1.280970963461862,0.45660165565808153,0.0032294092116645348,0.021044021873787035
-1.0053951452309922,0.363085276961211,0.0037613652754317248,0.023477595977841364
-1.0185019483688218,0.5016065491734287,0.0051235236640069706,0.021814416341346846
-1.2195575641925833,0.6477278477703471,0.003330601900364801,0.023454295257719186
-1.086294819293867,0.6342713077282585,0.00019202687708645675,0.021205631112928017
-1.2359822005469678,0.698938893200205,0.004352125553206231,0.025287098590435767
-1.1093482383777566,0.9162398584599712,0.0001753473640536796,0.021658980397923633
-1.1318145504483934,0.7537898953473228,0.002762391014212804,0.022763202048841656
-0.972952802798094,0.7812310824554904,0.009170329379452419,0.021047046532520503
-0.8820807395208081,0.8003027197307349,0.013160848105220658,0.022322548853025776
-0.8558857160404407,0.6696698918582051,0.030430200281882862,0.024668068550054136
-0.6569894118149582,0.6495168048576644,0.023412038278966752,0.028133606535823082
-0.6287257963510989,0.7590690777159087,0.009563130336636893,0.02380964679302099
-0.8173274814769038,0.8525536241946094,0.015030858563644028,0.02155063505876462
-0.6615703676371983,0.9062845294615063,0.014841983117765153,0.02271576638979063
-0.8110060374920903,1.0285398970566018,0.004342515548138441,0.01974811284466554
-0.9391811763331899,1.0078884150776142,0.004875239189119253,0.018809597893428474
-1.053497575996146,0.9357049576474243,1.4263218159073215e-35,0.021089501407282413
-0.8344617109080618,1.1126985043392112,2.553080284994689e-35,0.018479424027366465
-0.8448075578457075,1.2157695248765026,0.00012623671452519192,0.02291338452232311
-0.044335304573468626,1.4352408392391935,0.0,0.032237583471532105
0.23859045836044265,1.363570921089561,0.0,0.02878756627753338
0.48979230380187283,1.2454609666719463,0.0,0.028327522795455074
0.7081596173684113,1.0949732022754615,0.0,0.02545550840216146
0.9043964329531554,0.9100574428138032,0.0,0.02998543674783304
1.0812617910618996,0.6827335445995849,0.0,0.028591716884615963
1.2267261167289503,0.41513725108244787,0.0,0.02517279517121041
1.3254932905797119,0.11953827374009396,0.0,0.02736760996811806
1.3666155640402065,-0.18814627571159992,0.0,0.028485363797663674
1.3441210054128567,-0.49194189110952746,0.0,0.02985467866044226
1.2557580298097575,-0.7764502521189016,0.0,0.03167896539995643
1.1025053937827831,-1.026351779841155,0.0,0.02635023999517842
0.8894015388595814,-1.2263311237656789,0.0,0.023632218349210147
0.6271083500860016,-1.3624921142596171,0.0,0.026236777617487765
0.33282348982868143,-1.4254826453815221,0.0,0.02840292051336926
0.028944636894134707,-1.414190473450318,0.0,0.030552001769177776
-0.26122739573523346,-1.3376460043415337,0.0,0.02774203076448785
-0.5200866666239332,-1.2124918647057703,0.0,0.030971732978273547
-0.7426548188256117,-1.0540148638696327,0.0,0.029019674177468
-0.9365454133211968,-0.8648712148221475,0.0,0.027955629985117067
-1.1070249413487456,-0.6383033917020939,0.0,0.02831008690899889
-1.2461421402878217,-0.37393537028706386,0.0,0.02721742189206933
-1.3401460925903836,-0.0818774399624137,0.0,0.027487782935255202
-1.3779526607299317,0.22275952697041468,0.0,0.02624543345798212
-1.353098252783381,0.5240119610564635,0.0,0.027904365883005527
-1.263023924597331,0.8062126383836954,0.0,0.03180980439728974
-1.1087025195783982,1.0537975167332225,0.0,0.027964514313952873
-0.8954345942750925,1.2514087855200766,0.0,0.027030434157330644
-0.6343224852347077,1.3854232425357933,0.0,0.03301880933570304
-0.3427278123454527,1.4457604998500149,0.0,0.03592249146296975
