y,x,reconstruction,noise_map
-0.6477360062340263,-1.077879155218706,0.010202009724493984,0.12409289835297388
-0.7432255690832166,-0.9939397927491214,0.015556797631761262,0.1401458060627196
-0.8094387969461412,-0.8114934670341374,0.0001,0.08592856560754096
-0.8018915535488976,-0.9411861697506708,0.012839420219372503,0.10022898834693786
-0.6009267276402371,-0.8215666269086881,0.002042680989371028,0.09605983826074796
-0.6956955643026167,-0.782869896505461,0.003589367082792351,0.06594580106667168
-0.6688310958918333,-0.6881383138361987,0.0072970189077615774,0.04280503156680645
-0.535217556319063,-0.5744197403430779,0.024173066848140422,0.0775570201299602
-0.7126851820821387,-0.5799583576109562,0.0001,0.06608589540879886
-0.823195190515118,-0.7386260157521164,0.00842417237909548,0.05570393941124514
-0.8755828411940162,-0.6762714415941649,0.0001,0.08273640018887618
-0.9884885527537486,-0.6313519444009092,0.005181075318357847,0.06746364870773428
-1.1597148749463269,-0.5394945359316518,0.012763226456471048,0.11682980847753689
-0.9198231079884798,-0.5506721001219326,0.0001,0.048425970318883176
-1.0503366953943392,-0.5002885096532806,0.0001,0.06322754913775033
-1.0386062479171432,-0.4183236746509105,0.0001,0.04802495725213288
-0.8688947775543421,-0.34591239661543005,0.021849660181271813,0.07010092296863688
-1.128471359566696,-0.309561012428257,0.0001,0.05156930529597493
-1.1959102389637426,-0.4394340592868431,0.0001,0.06749217385318905
-1.1546012262795307,-0.2272848305352887,0.0001,0.09774012691612875
-1.247247887657494,-0.17224918638283196,0.0001,0.07946804940283018
-1.2992258959457021,0.015585086615865093,0.0001,0.061223093943449165
-1.1445885723617224,-0.08983349578538377,0.0001,0.07175457736795873
-1.021604483511321,-0.08697545513826932,0.0001,0.08835637033280225
-0.9440177980727973,0.00774048832578899,0.0001,0.12343653618201768
-0.8386657505360771,-0.1430873642451657,0.0001,0.12704583154143942
-1.0885159017650703,-0.21280577955810895,0.0001,0.08071216331810192
-0.9338494790641777,-0.25010863136364897,0.0001,0.07368641567204731
-0.761577318018278,-0.2654468222693421,0.0001,0.1124330867856421
-0.585701163660507,-0.16856803059566308,0.03819735819542197,0.16601548716574913
-0.8067777617074469,-0.12046992099777601,0.0001,0.1338369607438651
-0.7035832483686665,-0.03707926763514413,0.0001,0.20596055247121497
-0.6316447408596617,-0.07435840226204682,0.0001,0.1741914600393285
-0.5200437099859525,-0.08315005305998666,0.0001,0.17802260467465822
-0.3321720980397682,-0.0292025435290572,0.06713318107442359,0.1766902055888509
-0.3528221996163622,-0.1296543068440674,0.062052976073880835,0.2386788590479358
-0.5091839015169273,-0.16653548242730767,0.00993253994296851,0.18213684985035292
-0.41628866493761907,-0.1781389117065874,0.0001,0.19107458603200847
-0.38842462315614634,-0.27624950350675737,0.012033411937774083,0.17575746949243898
-0.617091357675912,-0.3920911695735936,0.0001,0.12681247071677035
-0.6256414322737245,-0.30133932110247824,0.014699183555861407,0.13168195522028522
-0.7445119965152741,-0.31981517926028163,0.0001,0.127714516277265
-0.6787364561412702,-0.3523262577791663,0.0001,0.15530491670213475
-0.7688702270840719,-0.44650870165765877,0.007048762835350879,0.06381672677821952
-0.8407328072260701,-0.5917374705914242,0.011752813035982107,0.06848421318898766
-0.6216491729887725,-0.5390278459058834,0.01912427569103728,0.08155859523286785
-0.566274469350091,-0.4370216287137714,0.0001,0.1136274210803885
-0.5445640270600584,-0.49235321312008984,0.0001,0.1602585240127255
-0.40129739150971533,-0.3741142618880917,0.03517039445973803,0.14948942856884306
-0.2862729053480926,-0.2991029639433146,0.0001,0.22626612226035356
-0.2799856057287783,-0.3300016740129553,0.0001,0.19547883243076275
-0.22240615123095736,-0.2762628293863343,0.03252447868786311,0.21136823204177146
-0.279684317746987,-0.32058262015474315,0.025459512169973383,0.41005961763257
-0.13818611076922027,-0.14597049533216577,0.04118822138830437,0.30439552064900866
-0.07128958729643764,-0.07557209786203256,0.08068676294308957,0.1954982229570362
-0.2342696688038377,-0.18778813880518885,0.04041468881349546,0.24601816311572208
-0.3072179615083829,-0.25020083242058105,0.0001,0.22185264775674723
-0.29550067976677497,-0.19816957865202844,0.033467736965389266,0.20932527708705378
-0.1729021308083989,-0.14371953942093751,0.05303045297177014,0.2660746541992829
-0.14195317194249257,-0.08845920039986677,0.24057082150104012,0.35694006954398694
-0.18600828543187586,-0.07002485562873878,0.21066708569153994,0.18123433775985587
-0.08858396990633344,-0.040298140390124,0.0001,0.2308601108430999
-0.10557006326078833,-0.06595992707494885,0.0001,0.25436957463521476
0.021431347514115462,-0.023533782060384957,0.2220852604769551,0.29114122851456486
0.19960802610936323,-0.0004487854591514323,0.22812964717752637,0.7062897113371632
0.09181858016957356,0.04079258999139562,0.0001,3.408660502061884
-0.0013330495378962581,-0.0389570362797767,0.03664984614677002,0.2162542412047843
0.053179135830610846,0.019198847179706935,0.1610225039886899,1.0867796995467613
0.04206825908303302,0.16334729939904213,4.18617429797252,3038.196083170647
0.16446802278063433,0.24334430998064616,0.0001,8820.020772829454
0.19937022366045398,0.06497260830912854,0.0001,1.110021967640392
0.3598212393947078,0.023112389205841688,0.15836279925503483,0.22390236353199358
0.3086105033077624,0.19726037720692077,0.0001,8.745984047023674
0.17464383922992932,0.35834921566961153,0.0001,8.616168369442333
0.5564256731373636,0.25362100149424116,0.0001,0.20105624341296469
0.06751117777363738,0.5494919440243847,0.025044298675080925,0.22260150296216297
-0.05224536782791783,0.4702425544463263,0.0001,354.74688504414604
-0.06535766732352995,0.37026489442622984,17.548527369582718,9340.217976718954
0.010388173239460133,0.45595368058041025,0.2329822263929376,4.959369950811942
0.12182706081245243,0.3501266202897916,0.0001,1026.719829286772
0.07709299341195502,0.333263321159941,0.0001,4665.22657999784
0.037982749401921645,0.25088495762923146,0.0001,8642.133186355992
-0.0551861999738847,0.3232760119367012,0.0001,1966.7316200058256
-0.09732857247221696,0.22408912996571562,0.0001,0.5562335653341673
-0.10065447219506896,0.08806533267132988,0.012967408195668101,0.2789111563747767
-0.07184391140107968,0.16666278920052813,0.0001,1.434236475611386
-0.018539340795744375,0.04564591749821634,0.0001,0.913404214404534
-0.10932744639315484,-0.09228648139477769,0.0001,0.33992794995433245
-0.13290582739301066,-0.15617085032049582,0.13320900010204206,0.29927278465723445
-0.15476415690179235,-0.19487155645657417,0.03136072399643844,0.1962305533863435
-0.1414576531143144,-0.18761078619913185,0.0001,0.44551152881569267
-0.11737780022753706,-0.09071973969265845,0.0001,0.39827011155142533
-0.10747585711775154,-0.10752814555816459,0.0001,0.33568883022707363
-0.09407358942442115,-0.38640247822019025,0.02502546926390136,0.18763913553343134
-0.1339765453211676,-0.4406012231828159,0.04131691573024874,0.17523888381845196
-0.07744789707140884,-0.47055092558823575,0.0001,0.1889041842301595
-0.05845698343517017,-0.7393981296236393,0.0001,0.12440279427446034
-0.16322525323766332,-0.6893932546586117,0.014325290384533484,0.10896389886335602
-0.22543246788253649,-0.6309797332619559,0.01081559926179801,0.1520163533223581
-0.262992377202361,-0.7072851717278453,0.0001,0.0994868529671292
-0.2550065236835868,-0.5978976865820758,0.0001,0.1221669311376305
-0.17972560192981402,-0.5395603857175529,0.0001,0.1512819728596094
-0.183660094560525,-0.32298536961218116,0.017565913620150628,0.17814552752012155
-0.29415346487721006,-0.45906099685855195,0.011575432468870828,0.14774564091140346
-0.3488489079699991,-0.5649943915615808,0.033752808391605826,0.12031969815125226
-0.324363833496349,-0.44961870237929136,0.04212490402516993,0.16320859597215148
-0.4774488947711404,-0.519290431324944,0.0001,0.1041536257719583
-0.45160752108129154,-0.6265709107294982,0.0012562938472724964,0.09008646764848469
-0.4848049848980778,-0.7219671545985424,0.0001,0.058676820233796834
-0.5366784188905168,-0.7865066197916125,0.009607368714249834,0.12336954283049582
-0.4661726148442201,-0.8487206840477011,0.0021215489541133196,0.0616916871753966
-0.36529739174425635,-0.6248581774791354,0.0001,0.09605524955975382
-0.31183949105961073,-0.7510188935280528,0.0001,0.06722531532678545
-0.35410052735230724,-0.920058048805871,0.0001,0.05252738600267407
-0.4098352750599351,-1.0642221829022496,0.0001,0.0823342352209793
-0.44288747294087516,-0.8616428914420147,0.0001,0.05589173896212098
-0.6163949986040111,-0.9799427164671917,0.00723068984233521,0.07958687953691572
-0.5497447553072209,-1.054306906976205,0.02157724383634714,0.06803552445159235
-0.44751266897092035,-1.0968717569932607,0.030143481307288934,0.12034121222211581
-0.37356271971318783,-1.2125279145623988,0.0001,0.07821796200864763
-0.2013422276397614,-1.186531678629866,0.0001,0.07298191784794122
-0.3207089910528066,-1.1031811722697107,0.0001,0.06336453011871261
-0.2643372857421195,-0.8451292083521118,0.021218331930041863,0.054759121873764444
-0.2103898029632618,-0.9915010140504961,0.0001,0.04991436935845129
-0.13930959797675796,-0.9931210355359658,0.0001,0.059478803059673686
-0.09620013018478817,-0.8295756854945951,0.011706774843726484,0.0784232512404777
-0.029053454152300796,-1.1019660672174716,0.0001,0.10670707809215765
-0.16067897090870087,-1.1880405046246922,0.0001,0.07099192715366029
-0.04960734913246509,-1.218940918679739,0.0001,0.0629649569265026
-0.016606441171881106,-1.0932969584139913,0.018771079834813256,0.076107787603113
0.14957066860327475,-1.2310951994632502,0.014597717865056946,0.0563142185346304
0.2716545786581007,-1.3378222511419915,0.018989379146979745,0.08487329341309503
0.21909821787995948,-1.1586782692969604,0.007092401115783987,0.06171514457151095
0.2065821969362402,-1.0429354412360163,0.0001,0.08030200682270375
0.23966792488432798,-0.9929237349653085,0.012845876164788023,0.09393165929718965
0.12525856289965764,-0.8649841902754047,0.0026027218767662157,0.09899106972941521
0.08957735908537401,-1.0879633877108486,0.007465918193045729,0.05251354751814043
-0.03089951765128142,-0.8953847124639239,0.005172798594350313,0.07326654431600589
0.0008626128082685064,-0.7642148389881538,0.0001,0.1258609518689933
0.06739004494154571,-0.7039946648756528,0.0001,0.14938292110055953
-0.06036639629946371,-0.5731779194830533,0.0001,0.16079244650779514
-0.054356518979911464,-0.3160790916736723,0.051923422405234655,0.18914024507461755
0.0078107431460834875,-0.4997870032463876,0.021089536998723898,0.18603304857570907
0.0715156748742618,-0.5234368057042139,0.014230588459409405,0.1800720317456203
0.0987526452801244,-0.40439252104422174,0.029322047735867215,0.17964339708227997
0.20651942273969387,-0.6707657050602697,0.004328913595791388,0.1659824329771651
0.10549098640925464,-0.7153848476411371,0.02399879571388892,0.15547437515968401
0.18367871455718626,-0.8201975551181351,0.0001,0.12304675344057918
0.3331416701268247,-0.9054765979595842,0.0001,0.10825780884946393
0.39805635666907185,-0.7572709109515411,0.006629160588653042,0.1500102764806823
0.2080844903057465,-0.5964332541264269,0.0001,0.18012988156709417
0.22474121505524647,-0.490739239169831,0.03706567741858234,0.18477328444336544
0.2822009447312665,-0.5722359061342778,0.007495648687784785,0.20821531181529382
0.37393794486070714,-0.607773175885838,0.024102923055773464,0.17907581131898467
0.503147208446526,-0.5594798914186551,0.032211102204235745,0.1775628068593735
0.572861403887187,-0.8320754610678718,0.03134320920919799,0.14758569219103307
0.4719901192152448,-0.8002017243704777,0.0001,0.14418568534157103
0.5646096446903169,-0.9021267081832076,0.013920140880579478,0.1363446779989932
0.6834298179766168,-1.1600449627355476,0.007486558462747268,0.058929696021908166
0.5119057001972804,-1.1604100380766265,0.010975904010509841,0.07410175850615644
0.4562839127595971,-1.0004767077778927,0.0001,0.08873613715509261
0.3729492064442109,-1.0129786067961697,0.009456564050602002,0.08491841668484479
0.4469022038233063,-1.0762270230828483,0.0001,0.11228798255544314
0.3808825155134506,-1.2179592981194898,0.01386243494331897,0.053724880610498855
0.5945030815354201,-1.2456601193534431,0.009074629584819825,0.12437501359153924
0.7776547284864881,-1.101233113063126,0.0001,0.07323142827529794
1.1101902498335197,-0.947164108027472,0.01927792867237848,0.12723194270912513
1.0883521751830139,-0.8427699936016965,0.024556840103815605,0.09986436695810344
0.9705514796004888,-0.7600946524869834,0.0001,0.1305980665280803
0.8874739537590437,-0.7880296160626361,0.013616711181628383,0.11621187806627627
1.0324496392767841,-0.8471010602037816,0.0001,0.1043188877366404
0.9593566329287497,-1.0140482349178568,0.0001,0.08176480168538139
0.8809300661615795,-0.8709859494631305,0.066613766121681,0.11168728383710343
0.8606456325534535,-1.0186835984178622,0.0001,0.07442302095503699
0.665420737933559,-0.9303892663979335,0.0001,0.09892467979676688
0.6362831621035945,-0.7147924682924778,0.021448257226318244,0.15438176358820566
0.6911005252695253,-0.665799902384697,0.04894940457119879,0.1709133977237761
0.5813658429044055,-0.6311335018603911,0.0001,0.16730289431106093
0.739080967310249,-0.6080832057402992,0.007098467312563222,0.16445034313289517
0.5645687434102297,-0.3971664874620947,0.025699124666722906,0.1814792936690158
0.5212218136677333,-0.30381694879953036,0.015448158162348511,0.19971782355559128
0.5374216866221746,-0.25394441174584625,0.08487243816073867,0.18951434860783392
0.6423488123731853,-0.3782273290561348,0.04147306401753873,0.1802496056364289
0.6775919728477827,-0.2746744451202503,0.05129777405556816,0.1852175945494741
0.8907758781940343,-0.413344125691648,0.028238754864041406,0.1647690047138439
0.8358348523838811,-0.5101861093655251,0.013639650998943596,0.16653860232220163
0.7789592099229712,-0.5493505123897979,0.023884118337506106,0.1774722666067503
0.9595641841984498,-0.6616844019100876,0.0001,0.12986134074087186
1.0194314283839558,-0.5329679620731955,0.0031656511566911546,0.13646846191936549
1.1980770326983161,-0.6834223421001363,0.019347748889411716,0.08104588727318457
1.225321256733582,-0.6194015216463256,0.021932372758054885,0.0852177829077211
1.3194660273529277,-0.45386941648676005,0.019742459536797357,0.087957929193348
1.1295441959978345,-0.3890251356112837,0.002870098390120783,0.14752739198462825
1.0853940070815145,-0.4830392089950669,0.0001,0.14132840418477946
1.023360827031715,-0.412867643496195,0.03759351543647919,0.1424159559563511
0.8647286397408269,-0.22316730846990865,0.02312864885264791,0.1741459374751238
1.0746738543444607,-0.1763890818967963,0.006340514375201892,0.13323402138092957
1.1783070390610466,-0.30829942505701263,0.010892178636118448,0.15793936876476844
1.2691089171442476,-0.2843703709619466,0.0001,0.08739531493435714
1.1531837452244074,-0.25610168820243695,0.0001,0.13550497605864922
1.3083583416540776,-0.16434323963614936,0.0014774465845130641,0.07345575102861233
1.3159477800625012,-0.06166288606812781,0.0001,0.08374642266796224
1.0604573716447945,-0.024296799073222713,0.0001,0.1446772823533776
0.9720888964838363,-0.10652504666094223,0.0001,0.1645300389156721
0.8977573018200322,-0.056739566194867586,0.05532650970120317,0.17313458504335213
0.6764186401855855,0.02003356028107374,0.058454619493291046,0.17923038261761323
0.5838629315716091,-0.06857823196851826,0.13597627096677206,0.19479390004315247
0.7823723892411586,-0.156276125701304,0.0001,0.19297542192021833
0.7891563244756892,-0.24873016895201483,0.05633969470603549,0.17879933804392834
0.694484799469038,-0.16513698733649418,0.06611639910648785,0.19042159500876377
0.5795331804232132,-0.17008644736953482,0.08124996040454673,0.18171007787743235
0.3696945094974968,-0.15974906515878573,0.0001,0.3615821613459731
0.3290869955767838,-0.02832509937959421,0.2983065996201225,0.22650781899721634
0.5068946757443547,-0.02947061722064831,0.09010301953087156,0.1839962515322319
0.3217710127548068,0.06917631363984603,0.14049885731070968,0.3536879242553772
0.18243750875629383,0.08534809827229432,0.5863600522945902,1.6591016388288493
0.22187830639535355,0.04040687762310555,0.4742722428822135,0.4165125342595654
0.16672967418957363,0.037889804189632476,0.025746685201619757,0.6161680586383691
0.13214788946193223,0.04356654943992899,0.48591707525438116,1.0172756179840297
0.04991930524618737,0.08166119419606949,2.1469930836273323,17.139519247181745
0.09444792457292561,0.08811355013233022,0.03379371042468658,1.5636994465486755
-0.056718939188669104,0.12250699512603519,0.3799103788390731,1.5927621363979623
-0.13317115607709706,0.145189675954649,0.0509665977264048,0.4745494183078558
-0.14901821164413664,0.14640330615839114,0.07566400960555991,0.5724889747126065
-0.08627840866361336,0.11280607607113807,0.411697113808341,0.981581882501827
-0.03026350888099061,0.10491862091236942,0.0001,1.5279609157864782
0.0116658339657153,0.06093847835689903,0.6737007187129344,2.33897943188218
0.021748392835541308,0.027680737301815583,0.6334125166266765,1.2788958348712476
-0.04727355280815215,0.0870287204981996,0.11739246333157581,0.6701080659939515
-0.1365576952378419,0.1313607073202983,0.3304381333530219,0.30989252197494205
-0.041048653861901374,0.05632539451355395,0.0001,1.6012883102372544
-0.03553817856846708,0.022319691912160766,0.332703292894047,0.4996815163017302
0.0112737576708144,0.0112091898743652,0.0001,0.506216998818228
0.08655968109256407,-0.05074645775651837,0.5339600080339458,0.9392774641266499
0.16807599510477522,-0.06182825531093983,0.5038344873268347,0.6973067759983986
0.06765917359803497,0.025889620845289285,0.5037704603700308,2.613707365701654
0.13310364848233291,-0.004046795196601116,0.20773935556870213,0.6110486580317148
0.22444032251252588,-0.01832209390841527,0.27652999525127175,1.1970112736004295
0.28159899671172206,-0.13583021814241458,0.164345961332334,0.3869148641604496
0.20751324152238126,-0.1219937486279074,0.0001,2.196183954841237
0.30979004609168903,-0.2656971869286634,0.0001,0.2370894602867368
0.3648690483715039,-0.357479308011704,0.10167607534214987,0.21499909821334753
0.350816358623103,-0.40710692111021596,0.004235445247302907,0.1777574807027876
0.28269879796765107,-0.30009823864776186,0.05520596793887155,0.1964262832269369
0.29840973452836755,-0.4407409193567473,0.04570660407049195,0.19214129917241074
0.12203625103120896,-0.3161363594480684,0.12440576819245772,0.23800754916194994
0.07880274473742743,-0.12802810350259364,0.0001,0.25896462573759044
0.10512504367550635,-0.09991797061191421,0.0408035882456335,0.6229514639602921
0.058307695263525416,-0.08941887299915063,0.2990506596135466,0.28103134414588704
-0.08886069546215603,0.04889096938060866,0.19783988899041957,0.2016650280631639
-0.05467805667704967,-0.02886236053563529,0.1141718137653854,0.21212020721727148
0.028348042446803223,-0.11648598830670198,0.27223840735401267,0.2205681512557215
0.11979258377623192,-0.3463748797310582,0.0001,0.2020081958330682
-0.004037746459406966,-0.24317610455912442,0.08732407196603174,0.20098289933421537
-0.0675849244896799,-0.1335765851716335,0.14272453159202267,0.19712555780692148
-0.07519549939879042,-0.20896155986760967,0.05742448917490076,0.17890829432564803
-0.09302862436788095,-0.08105276084625324,0.0001,0.2703916236484142
-0.07182741610279134,-0.0501340307655318,0.0001,0.3347474734196761
-0.15551625308793193,0.19752561588274042,0.0001,0.31807051122020175
-0.15812058901522139,0.2810039228926836,0.35021713979615704,0.30593632288731704
-0.13756412095652712,0.3704294378888124,0.0001,3.005147916215041
-0.24115874147246164,0.45235482765821244,0.17882494700887452,0.4741679280159207
-0.21865379506432608,0.2737890004485039,0.1346102269470397,0.32241566986869946
-0.20074462927301223,0.2279968233149725,0.23553685887089845,0.4093356344902016
-0.08707930598405755,0.07417818164375989,0.0001,1.143673375932668
-0.16841917687094698,0.15661572126586992,0.7574712992095886,0.8271653697760368
-0.31669494186342856,0.3190664147382989,0.0001,0.22959124352957672
-0.30938178864004146,0.23663797561118868,0.11167113502080159,0.2254417327083343
-0.3996614394203551,0.2739601223573477,0.0001,0.32993070082720083
-0.4554266333893457,0.4146008510384055,0.0001,0.4461282611784942
-0.18561620400751883,0.5284872695833676,1.5544254460235531,4.710583830558877
-0.5493416214192616,0.7098034158410323,0.014039482015471146,0.17118072406586135
-0.34588397812581817,-0.4192259172514582,0.0001,0.16049673106706214
-0.7122435372797837,0.05978760314224854,0.01446516070052111,0.17930303779132814
-0.44772511875621246,0.22673564226087853,0.2057039604232332,0.1845797169710213
-0.3151988038054506,0.10019626599591216,0.006980940143322861,0.2264356105225567
-0.35494780009123394,-0.11789670819308046,0.03657102180719786,0.18902685975378747
-0.32407729360804416,0.011551433681674717,0.33989146541554954,0.3731623816063918
-0.25866072654549865,-0.10026128506681031,0.023998929788235618,0.1837928957297197
-0.27979281681894014,-0.22876965652873754,0.17985052956781306,0.32694259061246217
0.13682254424949988,-0.4789630028522863,0.03405850897555157,0.19271253570703128
0.10986403973489434,-0.21437936350608933,0.16188669962900837,0.20453986494678972
0.02326189407782739,-0.16547686729228228,0.0001,0.22019613761782633
0.07744590558591874,-0.04122369876402243,0.0001,0.7019881407708632
0.08002588549395889,0.038099550860812736,0.0001,1.232171564230989
0.07677117951327135,0.08957695123261,0.0001,7.493121487419754
0.0798810984436886,0.0718684198009123,0.0001,6.363887026308419
0.07980571202819255,0.1204375912429011,0.0001,11.868057516307445
0.07979290479197813,0.12650935910160666,8.080723050357069,89.3751943309363
0.07804612199320529,0.17760330416427317,0.0001,8151.364421007467
0.07630753922800575,0.18107101109892598,0.0001,8474.27260077439
0.07377646405339669,0.1892579829271973,0.0001,8586.194464932743
0.07036482166062703,0.22833777394039234,0.0001,9848.015790204017
0.07332785484675423,0.2269530972577367,0.0001,9512.812877115208
0.0761083809447812,0.22398264538620172,0.0001,9160.365412848252
0.0785960621503217,0.21934373464587564,0.0001,6364.134629233349
0.08069302652925822,0.23205782846618594,0.0001,8798.363086681453
0.08242337441492446,0.21414377246422422,0.0001,8672.444464749628
0.08069107247090637,0.16924666121402832,0.0001,1749.9580568065319
0.07918789589412545,0.1908477352693374,0.0001,8132.272785039278
0.07979006330082875,0.12533971482533046,0.0001,154.31924158557985
0.07919979377994403,0.1308722254136475,0.0001,59.82277858768118
0.07966410865913535,0.1509515127808686,0.0001,28.766370357794738
0.07851616917889645,0.14791977733204476,0.0001,2577.1808410647645
0.08345330807201481,0.18708090956868495,0.0001,7450.334330671511
0.08280636577435725,0.18407684586547146,0.0001,9989.476026638586
0.08245011118945487,0.1870835063706603,0.0001,9014.672955631822
0.08471338546885722,0.22912901463219637,0.0001,9376.207727833924
0.08624566952588089,0.2267091515919556,0.0001,8609.866704365702
0.08684059804540332,0.21824585264634644,0.0001,9284.045729719106
0.08970023799215376,0.2393189006952191,0.0001,7919.2461177626765
0.08844486516319816,0.2229581213688775,0.0001,8880.634308362345
0.08934276418053358,0.22286464321412447,23.881562003759853,9616.55363419871
0.09267428479702311,0.24375862816581817,0.0001,9023.368377116487
0.0932094521882191,0.24092062282673998,0.0001,9070.35165723345
0.08937598925057474,0.21928590435007655,0.0001,9783.424371016314
0.08479185063752576,0.19546081625201173,0.0001,5372.994715338087
0.08241152889684444,0.18143371272444409,0.0001,4522.342726883045
0.08584569585562837,0.20116284275328222,0.0001,9198.003243123996
0.08330578479912573,0.18515303385134396,6.018460548403495,9056.750750405941
0.0763595649432007,0.14163265131067315,0.0001,871.0501373374398
0.07780706707998075,0.15666938639034123,0.0001,2863.325404031471
0.0755712802599103,0.15306839364913816,0.0001,1595.6497488537325
0.06824932025591388,0.11221510182226013,1.5254655065606997,46.9366507419881
0.06411291900251034,0.07274420308846363,0.0001,11.431171593031998
0.07276433837200155,0.11261756571480797,0.0001,14.073555335669464
0.0706154614898717,0.06501074312190602,0.0001,6.493755435961902
0.051960083532581025,0.06400883242765865,0.04906367958340508,1.5636555608177167
0.0435381585926542,0.0845884355997959,0.0001,4.905041832770872
0.02878903067911298,0.09546635365517919,0.0001,11.802016689982729
0.047964277045708326,0.12614447000803852,0.9212732029051115,30.44023465531522
0.05748256916942235,0.14992702806782487,0.0001,1646.5960031612292
0.0647737154696551,0.15776323667651448,0.0001,2093.249916476123
0.06424522017490242,0.13998035440767986,0.0001,74.35323590798211
0.0498867290814719,0.10972540598689928,0.0001,12.811682317849035
0.06016854700509949,0.11446828443433987,0.0001,27.395736670264217
0.06793072480423726,0.13262144202146353,0.0001,33.24504296249544
0.07709146225411545,0.16572065221130017,0.24128198649147656,4719.914732760112
0.07657760769169464,0.16974087174959818,0.0001,6286.011988760592
0.07199797441519246,0.16147220602740986,0.0001,4686.111243133359
0.07967164434012736,0.1851260039260254,4.701957472953698,8397.214715328279
0.085821391603224,0.20547626289991194,0.0001,7679.118691937228
0.08950231418623109,0.21821003236293257,0.0001,9147.974568587673
0.08747384993013321,0.20971862435952437,0.0001,8505.388489944342
0.0832955418695617,0.19252435636021614,0.0001,7370.756229435661
0.08524996689042952,0.19908026855670746,0.0001,8779.49000835016
0.0897596834276928,0.2194099095433889,0.0001,9777.660919142565
0.09419295072071035,0.24093576522320248,0.0001,9645.22271943101
0.09737407899441977,0.25305218241956373,0.0001,7721.222998450222
0.09417528678806927,0.23747731281125772,0.0001,9699.479309001326
0.09485424793514666,0.2384935680615169,0.0001,9413.787327143964
0.10033994818505254,0.25959788179737886,0.0001,7653.784757133944
0.09993418707839352,0.2553294707982483,0.0001,8978.84566461311
0.0981572338930784,0.24800029478457708,0.0001,7338.794979868928
0.10532937909527137,0.2706381576291744,8.542837889896846,8391.128983864945
0.10131132535413312,0.2564093889177459,0.0001,7707.894209836548
0.09241111496008808,0.23110541135229457,0.0001,8884.208618674824
0.08676462826528569,0.2141569875132554,0.0001,8562.909006870004
0.09241251641224374,0.2298947392726638,0.0001,9215.67406827736
0.09126420794290196,0.22540339628741157,0.0001,9262.32065206831
0.084354926583417,0.20353473835727964,0.0001,8903.228826263994
0.07499585897018529,0.17649186934595285,0.0001,8495.92734861126
0.07322474942211687,0.17767547435640962,0.0001,9386.08700701646
0.08018126837580253,0.19784280674870236,3.3621103757861124,8300.290461898418
0.07327905258709,0.184216282609868,0.0001,6562.627605179317
0.07977188611050257,0.20294693143152898,0.0001,7680.933917999427
0.0827576349609957,0.21326478585382547,0.0001,9257.388488259725
0.07777804612486044,0.20644204043843972,0.0001,9003.533255474207
0.09115296860636873,0.23371811584236535,0.0001,9415.083727394862
0.10106733954171693,0.2550386406665741,0.0001,7502.103918457869
0.09182696441093119,0.23281368218339804,0.0001,8805.225278145377
0.09421227646023611,0.23716624765085859,0.0001,9638.39889080375
0.10746955829542515,0.2728033499387126,0.0001,9924.412923693031
0.10782060679307265,0.2716525881195162,0.0001,9932.765997237573
0.11532307965416105,0.286673439273333,0.0001,6146.105761930244
0.10969317643956816,0.27346641025982565,0.0001,5702.653639411878
0.1081367900782007,0.2707684424868767,27.331030188191214,9227.701660849427
0.09212613168900297,0.23780101490500438,0.0001,9603.948765325425
0.08260717892587588,0.221618048379413,0.0001,7550.743415735155
0.09542291984838625,0.24678416112485801,0.0001,9246.367639566883
0.08405759833188192,0.22863459392320273,0.0001,9027.14227855613
0.07272230578003752,0.20706896107082406,0.0001,6580.6344620392465
0.06835834516756284,0.2043899095900077,0.0001,9818.894597569257
0.05631169422509358,0.18495263894986846,0.0001,6149.555232403464
0.05066695980136948,0.16347631823429376,0.0001,4175.928062794223
0.061377501995703465,0.18235872306972922,0.0001,4174.584324607741
0.07040061664287367,0.19616985334406822,0.0001,8582.426658764462
0.06688629961923986,0.18010175255284544,0.0001,7503.802990704392
0.05746922980764679,0.16025750884861822,0.0001,2182.521262818948
0.0479856352427418,0.14218259525393595,0.0001,705.363803347322
0.025430008196928033,0.10551525374573956,0.0001,8.720157571119461
0.030255724188521294,0.13859333990003175,0.149029461838112,53.77925430079054
0.04225526722892731,0.15820394628190748,0.0001,359.25165554689966
0.04529494210462354,0.1742787054011703,0.0001,3396.752412490527
0.021981739573440906,0.1398278966726153,0.0001,13.023932542250902
0.005498842493828926,0.12255034617788041,0.6100904619523607,3.427931282737135
-0.048522417748144586,0.0665113273761202,3.637207135598196,3.7586221273176506
0.007305262494866682,0.06574169769452798,0.0001,1.7259004319048608
-0.02870445742707095,0.020683368861635798,0.41672508237381145,0.9770150192156302
-0.07854833825146362,0.019085866979186905,0.017323981267235906,0.24858924961431952
-0.04253341285260581,0.13133600062320394,0.0001,3.7473944815640126
-0.042796829416983706,0.15622831541696258,0.0001,2.1145501120728434
0.017822063877269256,0.19154051455488025,0.0001,1070.143289165918
0.038371428976461175,0.20427826013160044,7.691966798318181,9101.7953243957
0.03816036707937964,0.20530809582127652,0.0001,7476.88597733015
0.05949637259944296,0.21913608418532737,0.0001,9493.063650542483
0.04171764566369873,0.20790891515361215,15.767477539812715,8874.218244576883
0.012205846404836573,0.18748221449083435,0.0001,31.943748110276992
-0.014975603715192909,0.16522454226643457,0.0001,20.5202015423666
0.003892184419747813,0.17567988494070585,0.0001,87.24820087134235
0.023619187755193338,0.19206072377876926,0.0001,3329.458736464084
0.01756858828136254,0.18482540651017454,0.0001,1964.423750016833
0.028969959214600882,0.19311253320803834,0.0001,5046.621913626965
0.03911635253835344,0.20326625421165023,10.757686816052336,9197.459299737353
0.04940126934183375,0.21269845441753338,0.0001,7092.634859513873
0.0600247614271171,0.22169323983119904,0.0001,8779.023706814605
0.055929532099239454,0.2184552786539226,0.0001,8965.750831126239
0.04232708923646189,0.20761221927173756,14.301289632366595,8791.442429068598
0.034589395795146305,0.20227519225798696,0.0001,5693.290460503576
0.05275887947906688,0.21584916543411742,0.0001,8988.584201385822
0.06992170427607036,0.22737620118874785,0.0001,9993.114306259002
0.08003325932447614,0.23548058824817852,0.0001,9389.710448136795
0.06789103802853724,0.22730604854592912,0.0001,8631.939297001409
0.07864919596446673,0.23597802429985115,45.9017241260764,9953.259963962688
0.0951159874974038,0.24846977425104755,0.0001,8863.693839939553
0.09043183434481505,0.24599317439292945,0.0001,8485.660044177906
0.0928827206268602,0.24892187326440834,0.0001,9394.250725306407
0.10848763657960414,0.26108189635863127,15.964968247351692,9224.451221903704
0.10977070271958744,0.26435345504825125,0.0001,7700.296839148066
0.09575265016735612,0.25311862244084327,0.0001,7990.599396872932
0.08562438432015951,0.24430132094003143,1.2143564801266364,8211.776142697556
0.07799901330567072,0.23722589609946143,0.0001,9831.080439099129
0.07282046114597596,0.23251010676472894,1.1423535053240523,8454.55929382743
0.0821832143739748,0.24068961403140243,0.0001,9493.540983332101
0.07680865845748874,0.2357771646407808,9.909236616218351,8671.289877013003
0.06847924935102168,0.22871736483844984,0.0001,9465.228335560005
0.060167119151954385,0.22145984339203384,0.0001,9984.82254487806
0.05190893379366002,0.21376888508716885,0.0001,9722.669285133283
0.0433115188432871,0.20516404085444961,0.0001,8830.574841700265
0.04360147335468245,0.2044953212675078,0.0001,8690.92443226778
0.05067855671725019,0.21048935065424235,0.0001,9008.919400549936
0.05659290897212066,0.21680668775108636,0.0001,9214.472725859638
0.0630522298057008,0.2230934755035563,0.0001,9567.24946545753
0.07029742336334421,0.2296705737400505,0.0001,9836.755863432341
0.06510305488627699,0.22409839725971292,0.0001,7158.135972124821
0.057615975184523105,0.2157146194591376,0.0001,9037.43806424468
0.05022692051524125,0.20740927134090636,0.0001,8156.421075698775
0.042213478768741375,0.20033034782797066,34.53424542522972,8013.870278417677
0.034390075043370105,0.19084698562963243,0.0001,4785.749984290016
0.03881164019961991,0.1936518847789297,0.0001,8837.763804185839
0.03985018486521352,0.19258740279954356,0.0001,8927.656510604169
0.02922350909098581,0.18059553960092756,0.0001,1767.1106657475946
0.010825543395772907,0.1653957598693523,0.0001,21.79039832710898
0.009656969245428582,0.1701426130180438,0.0001,134.58688350575082
0.022463064110770148,0.18088688636519978,0.7007501172596161,5049.987885818886
0.02743307098480896,0.18819822235863293,0.0001,3602.418970305702
0.010046779435022413,0.1753892663516099,0.0001,3886.464819270315
-0.005966017321862194,0.15938304953513693,0.0001,32.1901207150137
-0.046459300613513776,0.1021591898557862,0.5151756607863319,2.056712078630243
-0.008878292272276433,0.14252154158223496,0.14276175473094826,7.334523979270427
0.01584222501409016,0.16332922767100266,0.0001,49.66728947594748
0.026231476996025793,0.16985009813226482,0.0001,633.1579198209639
0.006637425738502678,0.14101245583781097,0.0001,10.368528174501973
0.0314938877926112,0.16773287216193644,0.0001,432.91880364207077
0.04447802031298176,0.18498143895517427,1.6461128151843052,5574.422921615424
0.04613007823253923,0.1812854102483602,0.0001,8520.554850564382
0.056142461342231886,0.19734993248405586,0.0001,7114.425266670247
0.06315158288314104,0.2106715835302182,0.0001,8784.087323963604
0.06828620337168989,0.21966425232392284,0.0001,7927.39663862582
0.05801109942896798,0.2082053693791982,0.0001,8307.456444182048
0.04963728029717873,0.19547475502771283,0.0001,6573.42263534346
0.042563512017010585,0.1896587272167024,0.0001,8859.563099911358
0.04887815882570412,0.19991238797617716,0.0001,8355.618206651812
0.05506488286753286,0.20894148347774077,0.0001,8715.401632254405
0.06159603875516784,0.21763698206926185,0.0001,9306.284077100618
0.07005875639750503,0.22653425333785338,0.0001,9999.979450039476
0.0700913465607611,0.22560433591594353,0.0001,9997.949055771222
0.0695749034361014,0.22380359736788225,0.0001,7372.071776744104
0.07953315492062396,0.23555734175807608,0.0001,9801.49421586455
0.09122895440735546,0.24966874783544046,0.0001,9999.971647027965
0.08708436988042445,0.24372141920495016,0.0001,9395.347286872651
0.10433087431639965,0.265533880095569,0.0001,7982.821947409963
0.10234224630694111,0.26266414161589835,0.0001,7636.710031319534
0.08679969741625282,0.23998869145791002,0.0001,9549.780493276607
0.08668207621041502,0.2416850615282552,0.0001,9137.315811010598
0.07554086517124281,0.22631726523831075,93.01382533571942,9949.08725030898
0.06734641081212545,0.21147001330381376,5.1672922270281045,8996.978407616532
0.06892276896885868,0.20988668621749307,0.0001,8877.93912366187
0.08095691678254985,0.22968630305045723,0.0001,9688.66678978471
0.0858301852218416,0.23408889168967484,0.0001,7465.863999806076
0.10597662154873594,0.26702989874617744,0.0001,8847.448550298808
0.1081294037368597,0.27071897458705496,0.363688312236046,5764.100580815499
0.11442865601308672,0.2814021362790018,0.0001,6251.247178661535
0.15066074056534512,0.34135745194745515,0.0001,25.252089216014266
0.11766073265683841,0.2849639278992866,0.0001,5702.40592423423
0.1247284793628669,0.29279468743757353,0.01135106296849816,3411.325186208655
0.20238498876910682,0.37729860761028344,0.08023839428450805,1.137577401141764
0.13254269547830277,0.29336151693220414,0.0001,166.6512571067883
0.13849730812819072,0.30500336694752705,0.7676699237847646,58.508225882683845
0.11846653592691747,0.28191866754801453,12.813927492700694,9284.2927343917
0.10659390497271848,0.2677094958290971,0.0001,8749.778886896938
0.09319189243643311,0.25239181518443643,0.0001,7419.003064403459
0.09972382463246132,0.2594603353202447,0.0001,7227.749248421484
0.08996472451498294,0.249009842991599,0.0001,9068.645942486191
0.0813312522673647,0.23960628643016801,0.0001,8823.650260850874
0.07224040896713702,0.23039811834754842,0.7088378420651127,9367.24485122265
0.08035146752738409,0.23920240874066256,0.0001,9023.055195147428
0.09064785060819724,0.24947570641943173,0.0001,9582.08462221928
0.10676122590252779,0.26450768052886253,0.0001,9920.471027377649
0.10404436369556569,0.26305411730061334,0.0001,8204.613127537734
0.12454353241407212,0.28356865710069756,0.0001,1202.792450364305
0.12310999609503848,0.2792866225450267,0.0001,6838.161528898345
0.14569386020806163,0.2931943771635718,0.0001,781.9532013132264
0.23099878618268488,0.37413468569286745,0.13123461593160562,0.9861457644588264
0.31146481070044063,0.434167929310717,0.02234149216467349,0.32526836062349984
0.2699796455783885,0.36778027559339865,0.07335495514276538,0.5295390638960312
0.18762560090641356,0.28559175235031564,0.0001,136.1923490694375
0.18550833363293295,0.3012569982206166,0.19130025449039811,2.8815405464879076
0.16626996389470539,0.29704665913799394,0.0001,56.23594756429763
0.12713684784663104,0.2754783179363818,0.0001,6216.00279511969
0.12726992900606837,0.27041221527463555,0.0001,7335.19137755275
0.10592670101677604,0.25477019322313976,0.0001,7005.350806929908
0.11378273065399613,0.25722956854207013,7.0378169239862185,8352.085881865347
0.09523702937616785,0.2451053992291684,0.0001,9337.994748108376
0.09049986296285883,0.2398664157365848,0.0001,9101.845932785702
0.11638239496402714,0.2539121067914819,0.0001,9834.03073999415
0.13834798632460887,0.2688347521742134,0.0001,7236.746255400421
0.1450815249296884,0.27646643817812,0.0001,4406.801970800022
0.15709750394147814,0.27736275937066274,0.0001,526.4161086893315
0.16104951434186943,0.27040620877508736,3.2805179275721446,7405.421316969568
0.1383405436803683,0.2576256659491775,0.0001,7819.1400159340365
0.15080463767539642,0.25916939912822434,0.0001,7626.152777392819
0.13168562560689068,0.24893215138343622,20.858885210175288,9005.265052895433
0.10855399272178567,0.23955120144894593,0.0001,7373.214425306817
0.09694554281511047,0.2359266871556986,0.0001,9611.662359985572
0.11457725676578412,0.2458458457805034,0.0001,9316.276897538022
0.12022416079135945,0.2521625486318424,0.0001,7510.49435480611
0.09693902653001896,0.24069828673504529,0.0001,8823.665938977303
0.07696558609318516,0.22976386836711177,0.0001,9097.464253453963
0.07753495993571746,0.22797851883568465,0.0001,9302.26756603254
0.07650673244353678,0.22503713032070133,0.0001,9952.904441250146
0.05473540352363404,0.21223722032725156,0.0001,9363.827380126726
0.05529102658594631,0.21050211002188968,0.0001,9633.963835458851
0.06375060861226478,0.21168928251465735,0.0001,9511.116607715026
0.09277322802562749,0.22417856118129886,0.0001,9789.024009064693
0.07954609970532156,0.22127264630996207,0.0001,8890.92182313813
0.09586646209381455,0.23073259490791392,0.0001,9077.903242471242
0.11930052687272641,0.23997910847527637,0.0001,7873.2303741379355
0.13771463109972804,0.24509776862117283,0.0001,8891.008396230916
0.11748969724865543,0.23520266347363872,0.0001,9868.855497835239
0.12003814962782311,0.2318323663119774,14.944209336563855,9494.690758099397
0.14820585837147604,0.24177290427400944,0.0001,8192.090050209043
0.17160724919292336,0.2524337909768638,0.0001,7877.868729261313
0.18352961397074374,0.25021066437682915,0.0001,8254.326030530789
0.2017428512412871,0.2724634794418702,0.0001,24.35177539907136
0.1720146987538309,0.25810167358151015,0.0001,8813.681201561685
0.16605484678255766,0.2624799876034169,0.0001,7978.480992593899
0.18992078177926286,0.27541352941515396,0.0001,6789.477021245477
0.2393926073851803,0.2838180564570316,0.16518193040808626,1.1883245174684478
0.2062628017853435,0.25591312237370634,0.0001,4833.52178000787
0.2321545049213386,0.2552579676580581,0.0001,17.165680348714254
0.23194123642526465,0.24180767604363496,0.8000431530733745,351.5726541187665
0.18628732622386424,0.23329916581640914,5.995324825661237,8128.278815799679
0.17706822717637793,0.23716734920852328,0.0001,7693.351993999281
0.1937845086049752,0.24685407840416518,7.243720518121967,5480.7909725940135
0.16013240923974237,0.23859396847599113,0.0001,9088.22192461337
0.13810527624126845,0.22990531538190062,0.0001,7127.664158129925
0.1552097900691246,0.23127757926802678,0.0001,9145.527396106247
0.13066364259936514,0.22090753966264498,0.0001,7378.974734041588
0.14509713939992974,0.21727279405129735,0.0001,7265.253052761875
0.13937915879796403,0.20785597035647577,0.0001,1597.6403215453488
0.1834084661582427,0.21841062603821107,0.0001,4847.011667144993
0.16720982939839413,0.22329418262391154,0.0001,4408.1569898427815
0.20956293413437832,0.23142205811101005,0.0001,5897.074924790036
0.2167247587238147,0.22609848501581328,0.0001,7163.157411938849
0.21917106718506307,0.21987135992227325,0.0001,821.4677478816662
0.2095191399284474,0.20561578540095057,0.0001,338.10928853762397
0.1780248250840154,0.20728053804664082,0.0001,5628.0882061721
0.1944106371301677,0.19457056716356075,0.0001,242.56762444104393
0.20717632422511845,0.17914843932505564,0.0001,7.0077601579098845
0.11287085196056801,0.18880822785619858,0.0001,839.84877880257
0.1564352832985233,0.20442557984100707,3.893070917958447,873.939819770292
0.0685540452003166,0.18749931374991652,0.0001,7668.708617213322
-0.016099368853867424,0.1695934206458624,0.0001,1.796268736037778
0.07379637966558728,0.1952180185872343,0.0001,8389.970199682733
0.09498893914106821,0.20795625545366214,0.0001,5268.192053987493
0.0918947529203803,0.2119508657934142,0.0001,9339.229753980037
0.11746418221511545,0.22349988258427284,0.0001,6050.182513289143
0.09909240539838549,0.22102421766046254,0.0001,6072.143614490717
0.067577987648063,0.2073253393886903,0.0001,9304.927902122721
0.04213706842802978,0.19955828578885265,0.0001,7125.248807555118
-0.10194303807965899,0.13433909669984306,0.045184450390257175,0.5862050353146764
-0.21377303067706044,0.09841079374302761,0.2054524944389607,0.19636253185379296
-0.09212289915186966,0.1504311387193557,0.17028051119975787,1.274794427308593
-0.2902344304964828,0.11429579195869631,0.3819801589508806,0.2596484485300428
-0.1812001160038711,0.15526172815814474,0.0001,0.3384207861244381
-0.03330414064750109,0.13528576189411262,0.0001,5.987125969352476
-0.03933756759445228,0.15142931050816003,0.0001,11.493849225693044
0.14417315946663234,0.1678213146937226,0.0001,3.1067989591898235
0.19272217623556764,0.12735535926888952,0.0001,1.7690033786374173
0.2899572709797894,0.10038031482375875,0.06655258000676413,0.7558420054177823
0.4838858252568099,0.0841187399099741,0.36398877837657767,0.2327437799768452
0.4391479093032793,0.16494374156238756,0.30150582525139863,0.2489437880207734
0.30337877783000655,0.16255309873788246,0.14668155082909587,0.6273669707060873
0.23480415078946337,0.15862670730227063,0.8972557393066866,2.086848318533672
0.23513279834690404,0.1723714236030564,1.1165128687083914,94.0388705346841
0.2382429151543617,0.19447070846913828,0.0001,214.37359786380566
0.29009339186228456,0.18970937186027026,0.0001,4.737243665868568
0.32743940784405423,0.1951332894279671,0.954289828894942,0.6941557468679714
0.31690845760127084,0.22282494370396294,5.099205726807837,22.376996229409322
0.303281150648849,0.20597654654955216,0.0001,51.612108698521574
0.24070351587154293,0.2055083714619794,5.351180367968483,2071.8912894639902
0.2539196337771934,0.21703575567595865,0.0001,67.29601272853776
0.2624519734875501,0.23241437144927343,0.0001,117.86481762240804
0.2821599159858562,0.24986948297238387,0.0001,2.5933559405940247
0.2655337470761535,0.2618052589929356,0.0001,2.325243145105118
0.32675395324615686,0.23174305396030206,0.20723479124637842,0.888414157006986
0.41940210798283406,0.21730692980345953,0.13322140781717468,0.28358726766303327
0.47537406120697656,0.19360334860660922,0.2929512403336628,0.3014760251595052
0.583748438739832,0.2938116960025364,0.014009439083734783,0.1838024653543559
0.7417652718195734,0.21501588051749315,0.0001,0.16638042010000215
0.6721109972894738,0.13665359986453696,0.002624163844441398,0.17786452520437193
0.5148478323644271,0.11144444872249047,0.14840903789592497,0.18746559725055958
0.7839123433112676,0.03248929418332079,0.0091460565107552,0.1716243694955446
0.8851879615784177,0.16248053675851623,0.0001,0.1470383625568441
0.9790168075384074,0.06028573276365036,0.0001,0.13589937896070478
1.1450069741694788,0.015872734476047284,0.00993332421528564,0.10546312339541417
1.2515636287216103,0.07587389277035275,0.0001,0.07928479816498799
1.0858385080885427,0.1262635287926543,0.0001,0.0915922313039139
1.2893169129587316,0.15959910572006308,0.0001,0.0599752388582955
1.206315344965866,0.31634577470827985,0.0001,0.05448535933446704
0.9305475527596672,0.26355582002630473,0.0001,0.11310672201259026
0.851000864732114,0.20599354509251055,0.0001,0.16647772685802267
0.8333604325101139,0.28805937134435994,0.0001,0.12627066951868327
0.8223846056685068,0.4503072708707774,0.0001,0.08670223136184016
1.0123774994854444,0.3952469870937394,0.0001,0.05787532095231986
1.168425085970635,0.38325904939047845,0.0001,0.1366417127171275
1.1709259973150936,0.451455755757345,0.0001,0.09604806686650932
1.1856268637502858,0.49996615277362977,0.06629098037899202,0.10847254118952616
1.0278940814506594,0.555913113736591,0.008648011241292037,0.03702656961320633
0.812049926028658,0.5095175865902213,0.0001,0.11992923731607404
0.8058712661382549,0.5748580527112719,0.00966591498068256,0.07061628976532146
0.6622508877033987,0.5359329239712589,0.0001,0.09847776729038395
0.7593254686135756,0.5171372222318927,0.046103863405005004,0.1105947824757047
0.723715597587354,0.36212853186777716,0.0001,0.13246349664992804
0.5602408520914588,0.33029416289048646,0.0001,0.16861521329088663
0.43139007260781037,0.3923093405247554,0.03266036429489975,0.17838187520667875
0.3905113025572604,0.33476300082362664,0.06517944576026832,0.18705612232280508
0.337192058957246,0.337642158333049,0.1440305679784089,0.27211844370844507
0.39128166367688,0.39859068728863317,0.0001,0.21104151871866175
0.5739661271977222,0.5371826287113792,0.0001,0.11694457655410831
0.43142370890941983,0.5318530967160966,0.017572872214397406,0.13512193024773947
0.5576631906542987,0.6225063843435743,0.02253370217014839,0.093429964972629
0.5235098341809654,0.6467878278879162,0.037915455497067874,0.0873200684740425
0.5147833105329657,0.7789372829279999,0.0001,0.04957996805434876
0.6787844674626096,0.9110307395039214,0.0001,0.05823007397750095
0.7159513231227417,0.7982652228893752,0.0001,0.05299531774484258
0.7517086532755619,0.8998894394284928,0.0001,0.08344496595908363
0.8460041126155825,0.8281254043030675,0.030400091297160856,0.07899836466238776
0.6675758227007543,0.7171622341388979,0.0001,0.05941299221840072
0.7433244648630886,0.6272793426442723,0.0024390051440943295,0.06017596449991116
0.9083488631010677,0.7118215768412461,0.0032520599628270866,0.042133969308845436
1.0409851171664832,0.7018710253087451,0.09951509822286228,0.07193449741463927
0.7202937622625951,0.9566934426042062,0.0001,0.09469110683064867
0.601561614954871,0.9782556109130232,0.01659140482020125,0.0644204942655367
0.5876580726868758,1.0589753758481806,0.005146667602760608,0.10542668993370977
0.46436324149275354,1.178480844610681,0.0001,0.0716362934462513
0.29462697440217206,1.0894336433048453,0.012151698616175174,0.06591076152518348
0.4001394208619511,1.0543892027365889,0.009373798770625,0.06347329168047361
0.2790223624366371,0.9430432944094382,0.001992888524812329,0.05615073293840344
0.33904294566892046,0.8177411903104466,0.008453963437003265,0.09510780146337124
0.4310415109918887,0.9081536971905191,0.0036385688924513333,0.05724012265018085
0.5166870481593822,1.0213390144959125,0.0001,0.06700500333396782
0.46779327899758544,0.8534943165110821,0.0001,0.05417618645716417
0.40851969971961516,0.8032461612779334,0.016567608600317193,0.07022052556681398
0.38677971003038325,0.6633393904231296,0.003468127198546579,0.1000738177865285
0.3676010088307228,0.5876743313872753,0.012894390804487649,0.15299595573254968
0.31468013798040173,0.49924326235764094,0.008515067121897453,0.1809339809880908
0.2868728558147787,0.5632694392112249,0.035549360103998395,0.179099692358251
0.2260035342418737,0.4504983861918356,0.011112568705075493,0.28841742403533854
0.23105284692182093,0.5065896896983857,0.002132855709983464,0.195182278012095
0.26959625135506377,0.6044351732605271,0.0321150455980359,0.15301833919472302
0.3285957670690202,0.7678758445555934,0.019611940321459978,0.09316710835995064
0.22939595080653064,0.6717630288054646,0.0001,0.12668951260552583
0.17042606294031404,0.6347511656676231,0.03933017435618679,0.1568485995557395
0.21226100233441902,0.6184372211975262,0.0001,0.20677296885841798
0.14381233485842493,0.362525311212635,0.0001,11.396897249624903
0.11801742574113905,0.30247714743427245,0.0001,582.6803287356552
0.12951327798313433,0.3545112478530936,0.24003797283598585,32.27767627523776
0.11326721970526088,0.3049692868338143,0.0001,759.5197576357256
0.1136825623367127,0.2956646202789672,0.0001,4349.784803290278
0.10753465145538851,0.28386209830137155,0.0001,5369.425501493977
0.10371692026133844,0.27709140554698974,0.0001,8467.757112265852
0.100724147549901,0.27205376290007277,10.702677591446037,8727.39751823236
0.10387252128621571,0.2944384920121763,0.0001,7520.116951560565
0.10711378510064279,0.29997442734874846,0.0001,7982.155675910982
0.11733187985438623,0.34062706143195776,0.0001,125.801511324545
0.1263207024700632,0.38161625618086936,0.2349575416410615,0.9096651232657491
0.08905143874582626,0.3845858832089366,0.6043097063362813,224.97958122627335
0.11018658882086799,0.3640732496679526,0.845143653981839,44.97467502852188
0.10094060980367217,0.3465848606267492,0.0001,1657.1002590014032
0.09654322510706131,0.29713816487359346,5.553203680641474,2192.3245194918863
0.09823751145779787,0.2881819132346002,0.0001,8522.487383733143
0.10204073149670662,0.29824624342370565,0.0001,8322.70059670771
0.09803261992955392,0.2707687779734953,0.0001,9204.574857093809
0.09508756749539171,0.2639558441733275,0.0001,9443.379467640418
0.09200568460262565,0.26066107075146616,0.0001,9540.481393518608
0.08839002840687407,0.25798604395029545,0.0001,9608.324535338717
0.08661465089891483,0.27569122895854836,0.0001,6988.211559276656
0.09057439156123062,0.29770100704263347,0.0001,4884.525690291909
0.09255901105239586,0.2827416054750075,10.26329226927198,8149.9397912418835
0.09562941360501545,0.3447619576512566,0.0001,396.08555020040836
0.08821354059808915,0.3331103198577178,0.0001,4814.670724562213
0.08020355487053991,0.3215465320397235,0.0001,6741.293954303476
0.07623813174606864,0.30814265331398627,0.0001,7480.9579750884595
0.08048686015963753,0.27964600017926344,0.0001,7441.312360320801
0.08379712332825733,0.28757823198174437,0.0001,8869.832463253388
0.08184775709028932,0.2561172403339227,0.0001,8631.163130332032
0.075756628869193,0.25689986749063276,0.0001,7567.30105426625
0.06925751701680934,0.2593685227321556,0.0001,8084.388326196311
0.06456468376405507,0.2949687650597461,0.0001,9033.406726473895
0.06954079453993908,0.2834874539551764,0.0001,7369.012990945789
0.07208449353280702,0.3089789385997713,0.0001,8585.782478738454
0.06632421084497923,0.3302706004594145,0.0001,5896.506878353664
0.05810926914391544,0.369366132222825,0.0001,241.90791411676128
0.07043121201931377,0.38827362452400793,2.9122222725677007,372.2536706306578
0.08272337536611331,0.40860638902043234,0.0001,0.7029020242357151
0.06786928452574142,0.5139040320362601,0.06487727952384764,0.38435309605977325
0.12460592131688354,0.6698461809759975,0.0017145769387753246,0.14365321964751962
0.026854556265694784,0.7862730982371267,0.016112973024213054,0.13613356361864476
0.051475393984309295,0.9937545891297582,0.0001,0.11494494422038454
0.13263021998804925,0.889424414218592,0.0001,0.11418563240433152
0.1635933884589995,0.8653600533601818,0.0001,0.09370857206793468
0.2322558093797792,0.8527476276402925,0.0001,0.0750518052951706
0.19882360328734017,0.9679796098445279,0.0001,0.06635335380088551
0.18494762451883534,1.1246139019742545,0.0001,0.09129772905911439
0.27895886770079814,1.2061001016300201,0.0001,0.10077191740794372
0.08657132436243165,1.2756126293583003,0.04791286297111633,0.4710855119129718
0.09460237525313861,1.0618464874145905,0.03576080736269782,0.15664066811196192
0.03993226843056792,1.1975422051090667,0.0001,1.0205787847010623
-0.10012263717397743,1.2665201922755016,0.0001,11.506148522848942
-0.11135556254215481,1.177869882911138,0.0001,6.019870198559781
-0.05423421407276251,1.1457842576280552,0.01085771889703659,0.8820715750958035
0.0047467892148562105,0.8615234137756365,0.0001,0.12996740553310726
-0.12859126533808748,0.9050699394307834,0.0001,0.1055763749155853
-0.21700536956773125,0.9742775378240451,0.0001,0.1903679468025918
-0.22079938358084505,0.8561171639694076,0.0001,0.1698421921249475
-0.3006668777744276,1.1258061463019753,0.0001,0.7260713258558507
-0.17513090718604846,1.1171202271894332,0.043146532446799876,0.5906288674585519
-0.312535262058971,1.335130210939198,0.0001,10.282221118340795
-0.3761413937571028,1.2160400946447179,0.0001,0.7270391631270818
-0.5281158170965583,1.281280556684411,0.0001,8.92074490844387
-0.570561410928216,1.1943762897832197,0.004167333827232193,0.19289509636039565
-0.6945752194757502,1.1560641426798997,0.014363479127457605,0.06230926629586232
-0.5411980464445239,0.9564154800181465,0.028912672286401413,0.10012704102701171
-0.4409053895270292,1.005118591323877,0.0001,0.12202178770832066
-0.3621022610442751,1.0127207436875618,0.0009698377585629672,0.1575736078024485
-0.36206748657738375,0.9041696268350695,0.0001,0.1331010576700015
-0.2582295940868219,0.6652259340872962,0.21925543849761003,0.1965092626776128
-0.36869272049294033,0.7221951643716098,0.08988546089155659,0.18887884492271256
-0.4583740199830117,0.827065471875205,0.0001,0.1722818785850226
-0.5493954165919115,0.8249306883371653,0.012248951147517211,0.15273346752647096
-0.42353593365709885,0.7609656052433257,0.036516483084088,0.2500456233459794
-0.526953195148098,0.7078400289230083,0.01701139988613157,0.16813489681303856
-0.43338112062203826,0.5371236286766117,0.00772493133115041,0.1827057013837845
-0.2423227293018595,0.473111103538147,0.0001,1.360371332675705
-0.23499152558244096,0.5210280483751524,0.16822245357491136,0.26465298192975695
-0.1949128028354833,0.5052948627456033,0.0001,4.603247329631315
-0.20374932598040607,0.47468839915470906,0.4447223615706192,1.438338800327786
-0.13996702443133613,0.38117944681331917,3.0826939715798805,41.6912117122319
-0.10865513741103983,0.3827702746829158,0.0001,55.695975926565936
-0.1341649780757747,0.40755228570738045,0.2004371302345771,23.53448075777229
-0.13966498976075858,0.44159277970824784,0.0001,6.497852152757375
-0.12081479497137165,0.44521046862145286,2.7292902522929934,44.16107647474321
-0.10553226684927308,0.42867314287979474,0.0001,1248.4780391326092
-0.09539957869567317,0.4267862672362057,0.0001,6502.736971873049
-0.08346903495690888,0.39048574478640674,0.0001,7849.732804802049
-0.09320010077434282,0.3922027720324682,0.0001,2852.00500006485
-0.09944655730855728,0.3835239272269877,5.600308779440004,6443.099154758189
-0.081623009709555,0.3615510389830172,0.0001,59.299816573232455
-0.05254786165695513,0.32773549093737764,7.63857402015638,7381.478396922418
-0.05437081881925815,0.3442958056403609,0.0001,3443.920614273331
-0.06234831837966537,0.3651353399008639,0.0001,9210.719327432509
-0.04419412268222622,0.3536143650217546,0.0001,7404.591283799016
-0.030911112100723392,0.3287303356238942,0.0001,7562.016778292981
-0.029580183837492058,0.3120666066900818,0.0001,2790.8589699671015
-0.006751605142288675,0.29570071818163757,0.0001,4995.27583428167
-0.01988427878636445,0.3211796827717318,0.0001,6363.920168291388
-0.02042415187559976,0.33803807095503935,0.0001,6163.851584395115
-0.026363844024368366,0.35882009149509897,0.0001,5849.964219717326
-0.03750213717123202,0.3789416224935891,0.0001,9273.333038767842
-0.030619744463435017,0.3824982629088737,0.0001,8523.905428623588
-0.043068650084091775,0.4036299774786115,0.0001,7415.906682337072
-0.059049524871660486,0.41290048605439755,0.0001,8264.913078777252
-0.05937916412563565,0.3974981197812061,0.0001,7955.3473359090685
-0.04647761545849488,0.38216265483010636,1.0360978350419758,8567.625498855292
-0.051742142043199046,0.374760093338277,0.0001,7747.814999952012
-0.06877650779001881,0.3851773372909302,0.0001,6354.194948994506
-0.0787703605193425,0.40748486688148244,0.0001,7909.09481694916
-0.07401159586947254,0.41703949785277994,0.0001,8104.170785038746
-0.09123431290909423,0.44354152032334704,0.0001,2064.085612072404
-0.08724166458238491,0.46179733929124955,5.742316827297698,6488.136731683914
-0.08966710848650367,0.4820464106789275,0.0001,49.341778425449604
-0.06796757108640111,0.45287353795629404,0.0001,7847.69796701444
-0.06943695865866123,0.4360869660268063,0.0001,5115.773098033166
-0.050528236931089154,0.4255454160025225,0.0001,5641.621328890488
-0.046829705861175575,0.4414907316279668,4.919048335792901,5020.706312930422
-0.0528283047655973,0.46923053237561685,0.0001,2980.0855170024533
-0.08064607690715947,0.5073089382947682,0.0001,2.217263520001432
-0.13202523964812551,0.5564188572518606,0.34649785227234875,0.39658036546056813
-0.13323772952569884,0.5215613629356397,0.053896272041252205,8.339392030283568
-0.10521957177562175,0.45799192889297247,0.0001,246.97972385637814
-0.13253835801211794,0.48126736124370284,1.3111119359790986,20.75387249231694
-0.1571770687259051,0.48294075623805954,0.0001,9.797274429909196
-0.18191367832729455,0.5621640901012311,0.005207253994317882,0.34741743055295776
-0.2469013872267859,0.8119336827556102,0.0001,0.1587967678278274
-0.11334220262491901,0.7523387313229336,0.0001,0.16801435288378322
-0.0481225588933272,0.5761308304151279,0.030026761185758786,0.20670384502881048
-0.048082269092364904,0.756729643253799,0.0001,0.15530601135934793
0.024580441431384152,0.592965535132995,0.0464319959091669,0.18134386171535852
0.03798586124177454,0.4194363547288025,0.0001,1.7970381754568856
0.045185215485981825,0.382408394560245,0.0001,947.3174427375877
0.03146535567631248,0.39159171279194704,0.0001,4203.876535245197
0.020601820895342626,0.3864403412493178,0.0001,7269.829873123987
0.026300982100325138,0.4241603965654904,3.981718770406202,1786.31477692409
-0.025799838381070195,0.46817839144288165,0.021005011524751163,0.5869280074937285
-0.04357674356253133,0.4669976969691436,0.0001,682.5320283147449
-0.032100604624447804,0.4335646521585709,1.2208325035170984,5668.424720826815
-0.02514028804594723,0.4113076945940378,0.0001,3565.597282615444
-0.006733950282111656,0.40106459338708034,0.0001,8719.020497184054
-0.021224264303892543,0.4416992782074536,2.140811581270375,838.2706047476175
0.006339435954251099,0.41340156315769316,0.0001,4066.523506236348
0.009523260053583255,0.3922338175813651,0.0001,8145.559008542162
0.009934773521189683,0.3727588136151023,0.0001,8417.09402315317
0.015249268098667335,0.35067033590926344,7.7772910026682185,7895.434991571783
0.023816976918843297,0.3275900042058575,0.0001,8089.573336675214
0.013666464622696689,0.33302695863713716,0.0001,8074.183617085924
0.0025027130462504654,0.34024050068871936,0.0001,8576.38997002515
3.502930989326969e-05,0.3599210404424852,0.0001,8782.4885160788
-0.000593270161888898,0.37880503955732037,0.0001,8795.03284393508
-0.014957981684218136,0.38717572041992143,0.0001,9069.271876522405
-0.023556582433075235,0.3850199384586781,0.0001,9521.678588951621
-0.013055595764782602,0.3679595041350371,0.0001,7853.627864302431
-0.009116876772554516,0.3477545291073988,0.0001,8189.286880842186
-0.009113022833238282,0.33047037025369463,0.0001,8700.604011119718
0.003077362472531875,0.3100996362900894,7.02907402812304,7598.678995018861
0.0009521497775553667,0.2946313446969643,0.0001,8389.934919338732
0.017060650776178993,0.27776554691294497,0.0001,7936.612870955637
0.02097194574977107,0.28759953305371555,0.0001,8424.35889160082
0.010225215436793667,0.30690750300089187,0.0001,9325.676787814818
0.01411977462257577,0.3146033145796604,0.0001,8943.28890999778
0.024933332643329753,0.3072036149358256,0.0001,7683.910290494734
0.03283600938386233,0.28334952388428003,0.0001,9166.149283103507
0.03008243157920179,0.272355575376965,0.0001,7691.046166251015
0.04039819693504029,0.2595121620897879,0.0001,9532.364510976753
0.03948217291564904,0.2785251548078277,0.0001,7780.675451556702
0.047379603839963466,0.25962916551954585,0.0001,9051.180049537752
0.05204045097159141,0.25810095923649123,0.0001,8675.534313753757
0.04642560938879847,0.29301947093183844,10.760429994871041,9207.679171013528
0.03916132000419306,0.3170323432605433,0.0001,8133.107247768309
0.03949206504438035,0.29742061605981673,0.0001,8583.619357535103
0.031623999802046526,0.3173901523689603,0.0001,8301.75277653959
0.024739335363451326,0.3548588170665371,0.0001,7818.638358364278
0.03158784446500516,0.35070005355968425,0.0001,4608.19649567644
0.037999251154324565,0.34755951397383444,0.0001,9219.323441575176
0.04579150801167159,0.33334760720034384,0.19573542564715873,6259.270658226377
0.05406608544909294,0.3502490331429482,0.0001,6096.667652209892
0.059577781653459054,0.30094178498859014,5.2547804446347275,8831.977648842258
0.05628225573006222,0.29006140583678997,0.0001,7881.072135062056
0.04908406447923193,0.3085402522204479,0.0001,5917.871877456214
0.054211333299058764,0.27220827946555926,0.0001,8636.409120791914
0.06031152414420589,0.2442630204598143,0.0001,8380.60387356717
0.0604535690698809,0.2642091619432049,0.0001,9675.333610022597
0.06591859021685606,0.24118388590775186,0.0001,7595.882844991308
0.06582384494115498,0.22037242905053578,0.0001,8968.163249220968
0.07008807649314377,0.1970837005863264,19.850890920888773,8156.463166349962
0.070050595462543,0.17799104882516092,0.0001,5945.857679351742
0.06182449801162507,0.20000095104174898,0.0001,7530.380195402591
0.06208534340446027,0.21845001665709807,0.0001,9576.314910028928
0.05426060692718011,0.2299745932002506,0.0001,7538.416849385018
0.050693198692963876,0.2209240951917597,0.0001,8717.445925407417
0.060688685304987694,0.18830939551993509,0.0001,6957.29219340256
0.06662397293331489,0.15963244103556795,0.0001,6846.902509739746
0.07760099986157289,0.11995908653681131,1.8314651449707142,39.91941947482868
0.07149429263335284,0.15833200068127262,26.726906551853194,8688.837679444141
0.07688976030881615,0.13307932007354917,0.0001,1991.549360923885
0.09002438024462041,0.04161594719363326,2.1386579480051235,32.14333855832313
0.08269768039610874,0.08510641932233387,0.040193278084562245,13.80098254525073
0.09082094560320769,0.04421955839142944,0.0001,3.9732988398226143
0.02894857330127354,0.20378859952988937,0.0001,3855.4892033576016
0.053428297705101435,0.15391487183077956,0.0001,2481.478117732193
0.0524975610982793,0.18121024660665952,0.0001,6440.220586710984
0.044898394407707126,0.2108233831414048,0.0001,8147.926921123107
0.04253387021755825,0.23908612276622387,0.0001,5412.026700540544
0.027178815245878757,0.25301895943394936,0.0001,6280.023618660055
0.03853738391509118,0.2186431697213853,0.0001,5814.51225699758
0.017631067973092218,0.23899535553959528,0.0001,2486.3204376909107
0.011908812128986868,0.2654627463727669,1.715418842020729,5691.932223800308
-0.0023848179150437465,0.26436887983662893,0.0001,323.17546101305385
0.00023774393441278185,0.23891510746434863,0.3952484630176177,31.71609301843422
0.020283730068252348,0.1997893462338286,0.0001,304.01174571734055
-0.018285305400450647,0.2537352080299321,0.709438808235255,4.042927710229284
-0.031059751347242703,0.29789975430222293,0.0001,139.27021229552145
-0.05826036703078863,0.3166938502504134,0.0001,148.5712527052814
-0.07355624608733713,0.3125438055712838,0.0001,3.8943483906581977
-0.06705227061196084,0.2794203994740252,0.14450164297403278,3.2618170809584144
-0.004611949478219635,0.14673292722829145,0.0001,22.611992719156483
0.06269993637721649,0.0989560981513321,0.03246893146700425,12.277774042494183
0.06745655681620133,0.06569323078123213,0.0001,8.258292382972268
0.0925863930822019,0.016422001984471413,0.0001,0.8535978383058195
0.18068282428313703,-0.07322053951526364,0.12247654806843053,1.8284081042931886
0.2069807405154327,-0.12371167510119041,0.23398302824189052,0.46596948209149797
0.14913479060407964,-0.06554954322137507,0.34928498078501885,0.8450085401012197
0.14052044796276403,-0.13695312062003373,0.0001,0.676893499026415
0.14425632263733157,-0.16131821093687404,0.26697416919113515,0.21773278197837398
0.20100132347146138,-0.295895158173674,0.043708837601223904,0.17700767302643233
0.38663451344413496,-0.24892796305533355,0.056230613809194634,0.21796817551722672
0.3028266957667163,-0.5701447968616378,0.0001,0.21362435300909452
0.7362352924767688,-0.14108192472642583,0.0873121063951468,0.2062973222704764
0.49737528986926294,-0.31843930215042443,0.09869880872456223,0.20977913193301653
0.5098616762085949,-0.013055583949473482,0.15997193605827303,0.1957492231672681
0.2800061182980207,-0.03509793823094279,0.10695093614115028,0.580029840545339
0.2394572242566173,-0.06355805581886564,0.30177383799348834,0.8198417935711397
0.3818262894983013,-0.15961725998129522,0.19218061825574817,0.18088521013281453
0.22448834868155915,-0.12164992630059918,0.4371657272970526,0.8969618319310501
0.19076434537767795,-0.06018919886771179,0.0001,1.7468612372606513
0.11310213006610448,-0.012526117017453653,0.0855318488288791,0.8075368080191379
0.07143780394265609,0.012691259808095046,0.2637349194939803,0.8400848211371473
-0.06173546753525461,0.06346028898154049,0.0001,1.9542503962361222
-0.05381581377985234,0.04791996560881234,0.3265371337574563,0.6915148638536702
0.11932157852268954,-0.019618529261460294,0.3913390367469342,0.9411019545682211
0.20651059497558188,-0.05453384818769108,0.0001,1.8537110569927477
0.21334802550334198,-0.04186452893050571,0.3840247305073382,1.4491179182651943
0.10537543137753158,-0.020957517583335868,0.0001,1.3355494229966018
0.08721310760258916,-0.013959151009053622,0.3511240506462985,0.43128259435666627
-0.019860168638768605,-0.011340282083344984,0.1617972275403174,0.3267390977576641
-0.2753536146492984,0.014443293462249637,0.01581512184645135,0.20765663684338312
-0.22771083568009554,0.09929500889813275,0.039525247198131594,0.2875036461664145
-0.1785676839586272,0.10895204525162056,0.18450549547280157,0.2530505624175503
-0.339088247723051,0.16285665656637027,0.01088819875700004,0.28539620052189996
-0.4164945056782403,0.31637496576294655,0.05502628636006103,0.29938070831143
-0.1978346526568524,0.21075540049796404,0.06390065043314924,0.2710912672791483
-0.10733043791198393,0.14523645026188414,0.4700362181729289,0.6024279404336823
0.0759053299624789,0.018574337481245262,0.0001,3.417907187056244
0.014805148512560873,0.08764901551591675,0.5814714147988561,2.025870044168668
-0.19175686675989767,0.23805542014268255,0.32803610350177415,0.5427766713970303
-0.08408535911209314,0.24361893599600826,0.06079767341198841,0.8329624008937206
-0.185524798497275,0.39173580650896467,0.0001,0.3445436406406116
-0.35465761576341037,0.4156194066399471,0.058185331604092026,0.1919805864535528
-0.39499281984311296,0.375566927737788,0.0001,0.3802238619049685
-0.4477953279979071,0.47855700754793395,0.06066435036293785,0.21564887657637316
-0.4792883581499101,0.3786792916169489,0.4258364260271274,0.44316217877738845
-0.7000489523949545,0.5173371819998858,0.01886610505405969,0.17101700950272633
-0.8465591780432885,0.569717597478214,0.01721208586222054,0.15467411163417993
-0.8955594861546661,0.5400428654548302,0.031086358746942336,0.14621725492890442
-0.7408699333545012,0.44461207742195114,0.02028204867234651,0.16828773490702867
-0.9246879002050669,0.4393282616666559,0.014598767750043169,0.14608541684790263
-0.7185020220140048,0.2820266655556418,0.04356000558240276,0.17708759940490362
-0.5973877443933535,0.30869504436960427,0.045208137933462705,0.18168058228702988
-0.5438470407559688,0.36345111046102796,0.023650025493005024,0.18051655895573462
-0.4005258836467074,0.2091825254250984,0.10408502857277184,0.2628573834798713
-0.5780948337602789,0.19459268722143191,0.03745869564732749,0.18260889409560677
-0.39673580067849756,0.1115886630105759,0.13772317227418573,0.18055834640273466
-0.36418493050781764,0.04875507641650262,0.0001,0.20920083690643873
-0.52487392489856,0.009921826730396079,0.03690379447244301,0.17763938006505522
-0.7003856456742146,0.12131610903394367,0.09414831561249665,0.19744325044006952
-0.7585631272992466,0.04546587448271437,0.0001,0.18027011053606806
-0.8181131045379019,0.12419636860437819,0.0001,0.1946347389540413
-0.6275827147856485,0.16021672924242597,0.05173595953023055,0.19196296926332562
-0.8105291808274167,0.26873827366020414,0.021827952288892595,0.16512947791167915
-0.9736416679159934,0.2740154773619154,0.007708940749427678,0.13446270019314618
-1.1343027282528846,0.2453108327799637,0.020450127784828437,0.10010597221979321
-0.86698720872765,0.1432179573575448,0.04318129469007149,0.1666950562888378
-0.9166759257993946,0.03163122013617191,0.0001,0.14465623859678547
-1.0216306503527275,0.1454209978464655,0.0001,0.11594270374746858
-1.1717527217692831,0.059007208725719795,0.0001,0.06803466888563066
-1.2826158767727867,0.11474341477677129,0.0001,0.08547705429212302
-1.2155442676316586,0.19942329264669137,0.0001,0.0831385696957522
-1.2883644522503153,0.3448506947246144,0.0001,0.06120014503565341
-1.2900248152209688,0.5429516050640499,0.018023304358479274,0.0732864009671347
-1.134566358566719,0.3547520389154583,0.0001,0.09769736089686479
-0.9967986323424144,0.39925608089446585,0.005460149834509469,0.15786503990803824
-1.0755874068366043,0.4546842010728253,0.0001,0.13792327094089596
-1.108760433543151,0.5405740859892341,0.0001,0.10203113445452171
-1.0305956137269399,0.6555328529518312,0.006919411142846825,0.10756773246975647
-1.275526008231929,0.6655067116570216,0.00432830820636958,0.07279379377380513
-1.1399755547162533,0.8278226692296715,0.00811735465238588,0.1077369346104716
-1.1049150521222262,0.7739427108803775,0.0001,0.08934216172793549
-1.0127863941708948,0.7923980092244998,0.006019881667697659,0.1097659663545935
-0.8889562134716565,0.8460530700707929,0.0001,0.09942767772043488
-0.7786986461381502,0.6269535844483186,0.03851015799073729,0.15134768084949332
-0.5768695564467671,0.5660648186718855,0.02285502311668445,0.17463749574697243
-0.6696889427717821,0.798175596163716,0.006490883710587152,0.14321782974171793
-0.797215470762013,0.8709883843830473,0.018063277576641553,0.1092470527162424
-0.6802178682852529,0.8810641698566081,0.03304224903001321,0.1408733472033767
-0.774668084535407,0.947559557431075,0.0001,0.10639701613542701
-0.9238449420952188,0.9973902828176735,0.019519862330167028,0.06360830822604449
-1.0743780208088491,0.9387864682415782,0.0001,0.07825501454709903
-0.808158155287611,1.0795303425241731,0.0001,0.12640295531031728
-0.8311997537938768,1.1759654856971236,0.005013762623919237,0.14918352313616123
-0.022490160673605444,1.3825413981155148,0.0001,20.32963031399519
0.2555687673251763,1.316856352908249,0.0001,0.29959199581575957
0.5022807752071411,1.210702227654269,0.0001,0.21898472965827287
0.7207032719061433,1.0727961676264888,0.0001,0.15007451361939336
0.9220245587085324,0.8980785348661302,0.0001,0.08257269589911988
1.1053677293279205,0.6792324577314549,0.0001,0.08743798651829761
1.255980439897117,0.4191979611265193,0.0001,0.10519818605332683
1.3571980207817076,0.12999545555867034,0.0001,0.1330360341157017
1.3970104416155222,-0.17238262427603698,0.0001,0.10748539709904552
1.3689256994520675,-0.47105768620499067,0.0001,0.14190343672213784
1.2712603679562329,-0.7494125817977937,0.0001,0.12566430303311324
1.1068050793248176,-0.9914576053043448,0.0001,0.18952560125513482
0.8832457146969954,-1.182469511467419,0.0001,0.10817337847744495
0.6138187080216269,-1.3105699469591607,0.0001,0.12840755908857313
0.3171643071503182,-1.3692027488816636,0.0001,0.1583097413341559
0.015369420721180069,-1.359557651749846,0.0001,0.15332429853880508
-0.27024124715020537,-1.2912415420817862,0.0001,0.08994956410118024
-0.5253876764942899,-1.1789839877734491,0.0001,0.15987947410418782
-0.748884087156723,-1.033707318748773,0.0001,1.1321049842139959
-0.9489579606822045,-0.8543849642983744,0.0001,0.06535826289619506
-1.1270233351278702,-0.6348250539170978,0.0001,0.09952114985324005
-1.2717772711627389,-0.37638546559388364,0.0001,0.07666652241164633
-1.368055087774538,-0.08956918557060542,0.0001,0.14784281186095952
-1.4039977302515856,0.2103476155868648,0.0001,0.08008309039974426
-1.3728684072054886,0.5066400343145652,0.0001,0.12529627499977944
-1.272800981165737,0.7825888466038622,0.0001,0.15796095626252762
-1.1066148434404037,1.0220728435120034,0.0001,0.12806511555350336
-0.8822524065205871,1.210364351295494,0.0001,0.14000304672689323
-0.6133995381185027,1.3358255342368814,0.0001,0.4769908763246219
-0.3192696082659985,1.3924877670186713,0.0001,30.418095428221363
