galaxies.lens.bulge.profile_list.29.centre.centre_0,galaxies.lens.bulge.profile_list.29.centre.centre_1,galaxies.lens.bulge.profile_list.29.ell_comps.ell_comps_0,galaxies.lens.bulge.profile_list.29.ell_comps.ell_comps_1,galaxies.lens.disk.profile_list.29.centre.centre_0,galaxies.lens.disk.profile_list.29.centre.centre_1,galaxies.lens.disk.profile_list.29.ell_comps.ell_comps_0,galaxies.lens.disk.profile_list.29.ell_comps.ell_comps_1,galaxies.lens.point.profile_list.9.centre.centre_0,galaxies.lens.point.profile_list.9.centre.centre_1,galaxies.lens.point.profile_list.9.ell_comps.ell_comps_0,galaxies.lens.point.profile_list.9.ell_comps.ell_comps_1,    log_likelihood,            log_prior,     log_posterior,                weight
                              -0.013627119059118925,                              -0.014383398184045007,                                      0.05766646564928554,                                       -0.181562770902338,                              0.040443020776988414,                               0.04193703044402469,                                    -0.15992127328486394,                                    -0.15867852407144273,                              0.016080836089921252,                             -0.001653563446110673,                                     -0.3315809404264077,                                   -0.019618495330902642, 7796.365850824612,    0.618829038315623, 7796.984679862927, 9.450470434004725e-10
                              -0.013540236922485821,                              -0.015880929329571747,                                      0.07250640426070629,                                      -0.1908740915479872,                              0.037353573912283555,                              0.053001161437451955,                                    -0.17224218828222057,                                    -0.18147456878524562,                              0.021277043832392567,                           -0.00046223804971740057,                                     -0.3881295493459821,                                    -0.13322574189188288, 7796.177189409159,   0.2004447088744302, 7796.377634118034, 7.825621093049207e-10
                                0.04497359743462048,                               0.047281927222001585,                                      -0.1482428164871004,                                     -0.19039743178016563,                              -0.02135179293585958,                              -0.02244912097499123,                                    0.050841627539322476,                                     -0.1646076822103619,                              0.015579075911077322,                             0.0007283409470876523,                                    -0.37807646297200376,                                    -0.11881789019241419, 7798.717727500583,  0.35442779618587283, 7799.072155296769, 9.927970779139923e-09
                               -0.02523041712207645,                               -0.02262319791496621,                                      0.07821944877010535,                                     -0.17443150954823938,                              0.048164355671057174,                               0.04267260496504646,                                     -0.1662845565442383,                                     -0.1642510260467686,                              0.017357263323172223,                              0.006977785236276152,                                     -0.5154949815790544,                                   -0.049271530260111884,7794.1272177676365, -0.28095647622438513, 7793.846261291412,1.0074591465308578e-10
                               0.038448762924609525,                               0.051055397617248977,                                      -0.1593431552766281,                                     -0.19363595410507806,                             -0.010929249837560218,                             -0.015909757581360165,                                    0.052439582665971964,                                     -0.1797875423819999,                              0.023308086445578052,                             0.0052613940541807735,                                     -0.3788316264628026,                                    -0.11188938793918034, 7799.800206529592,   0.3042941698621515, 7800.104500699455,2.9307256094195365e-08
                                0.04139403606531711,                                0.04086638650075569,                                      -0.1582654146399149,                                     -0.17494120796909948,                             -0.013542154638380599,                             -0.012138892560326742,                                     0.06733137350164553,                                      -0.180153284248706,                              0.022213195166233796,                              0.006791007328814741,                                      -0.293872742052774,                                     0.08548625195309799, 7795.881587031081,   0.6803000322446134, 7796.561887063325,  5.82291344324487e-10
                                0.03897441380888361,                                0.05090374136278339,                                     -0.14534491641730776,                                     -0.18777490918952586,                              -0.01399006890937754,                              -0.02007031568667561,                                     0.06633288504075298,                                    -0.19421128852010902,                              0.018598529713935455,                            1.4988861821996213e-06,                                       -0.51883543912587,                                    -0.23582807697735542, 7799.466570846635,  -0.6363530625613957, 7798.830217784073,2.0993218367160157e-08
                                0.04618024123978523,                                0.04346809805638657,                                      -0.1466218378520136,                                     -0.16550731838029556,                              -0.02086081566782534,                             -0.013903683111263568,                                    0.049246122226739415,                                     -0.1683343285371651,                               0.02193809108267822,                              0.002670834362803534,                                    -0.38862525583545476,                                    -0.04610451726489558, 7794.832756946014,   0.4219816806795038, 7795.254738626694,2.0400425042289221e-10
                               0.042447071639766715,                                 0.0490969283577308,                                     -0.17373932392288371,                                     -0.17693668596715847,                             -0.017305826971935154,                              -0.01673783618582128,                                     0.06325590840407651,                                    -0.17180228203097675,                               0.02169736130752105,                             0.0027979181624592925,                                     -0.3649773361149083,                                   -0.052363444408026684, 7798.038188580507,  0.43224731796430693, 7798.470435898472, 5.031998315015684e-09
                                0.04245546287158283,                                 0.0484569839006658,                                     -0.16484756632364772,                                     -0.17823760319941168,                             -0.011942826149710484,                             -0.014238532519611241,                                     0.04596007666336199,                                    -0.17717614671549836,                              0.017863029422380078,                             0.0031157750834390485,                                     -0.5937033967050463,                                    -0.16224339557718756, 7799.011734755686,  -0.9027196699877748, 7798.109015085698,1.3321288034489112e-08
                              -0.013719971578148249,                              -0.018418168579571542,                                      0.08012885492957442,                                      -0.1879063240274077,                              0.043863801928110846,                               0.05286935721235125,                                    -0.19469417797820812,                                    -0.17598093016475444,                              0.011316714982425188,                             0.0001384170988647515,                                     -0.3521615506800298,                                    -0.12080374186769363,7798.3331435168875,   0.3308241580555581, 7798.663967674943, 6.758305013212883e-09
                                0.04217639793164765,                               0.048309066918414634,                                     -0.13972942675936553,                                     -0.20565346519173308,                             -0.016832981598939672,                             -0.017440513308029967,                                     0.04649652838119288,                                     -0.1850247730381074,                               0.02439294759238768,                              0.003918524447676222,                                    -0.34082745928239117,                                     -0.0985714347218405, 7798.551966402496,  0.47039301120829846, 7799.022359413704,  8.41145953536451e-09
                                0.04288184029148567,                                0.04501947286608371,                                     -0.16397535519143494,                                      -0.1671701886107723,                             -0.016289328527829494,                             -0.016471307222828857,                                     0.04712305269758609,                                    -0.17914689593607971,                               0.02042659177875443,                              0.002901892005614526,                                     -0.5936537956039176,                                    0.037760399360284004, 7794.165233365711,  -0.7457470960305358,  7793.41948626968,1.0464956045400324e-10
                                0.04000073791472847,                               0.050452496437511596,                                     -0.16760079953864687,                                     -0.15107530696772717,                             -0.013101878548499063,                              -0.01831752899671131,                                     0.05748302406712354,                                    -0.18554087643764208,                              0.020071429146335903,                            -0.0011103844544066988,                                    -0.29683973453139106,                                    -0.18122875921215592, 7795.001521415877,   0.5509055476105523, 7795.552426963487, 2.415086520864372e-10
                                0.04013036723484478,                               0.048128156941855404,                                     -0.17161374238359856,                                     -0.20038436749949187,                              -0.00975015688286121,                             -0.012513750191357295,                                     0.06429756149861726,                                     -0.1895343147042067,                              0.017649745756663865,                            3.3395317264650615e-05,                                      -0.402408439510438,                                   -0.026808747234652194,  7794.21384408263,  0.20250175390569858, 7794.416345836536,1.0986232221609737e-10
                                0.04120488700046693,                               0.043387676136134645,                                     -0.16363886646722414,                                     -0.17481995057588415,                             -0.015865577817498325,                              -0.01730412920472331,                                      0.0729833898358592,                                    -0.17331850793622156,                              0.016688074848652396,                              0.003723504717733278,                                     -0.3338239143842306,                                    -0.05380339464525792, 7805.790752246447,   0.5651410876961838, 7806.355893334143,1.1712136027266539e-05
                              -0.022449539536925023,                              -0.019055126476938494,                                       0.0697334879085686,                                     -0.18596047222652817,                              0.047315999490009975,                                0.0442445716746728,                                    -0.15530328259206413,                                     -0.1840245205778987,                              0.016262400808566488,                            0.00021232230289561227,                                     -0.3482494695490546,                                   -0.043079987642211374, 7807.637808036102,  0.49001340165458585, 7808.127821437756, 7.426808827585454e-05
                                 0.0393215716500539,                                0.04854008641097976,                                      -0.1921166843996327,                                     -0.14809780075874798,                               -0.0084738199133719,                             -0.012382036517165781,                                      0.0654703525815087,                                    -0.19357886969471708,                              0.014948145083705233,                             0.0009436494725601624,                                    -0.38128072892690207,                                    -0.12471748077895059, 7796.368370398297,   0.2624100659004742, 7796.630780464197, 9.474311612814623e-10
                              -0.016609367837091132,                              -0.018607534959396627,                                       0.0640108617840619,                                     -0.19480507077020795,                               0.04238121724822591,                               0.05185034086366236,                                    -0.16476230949795753,                                     -0.1878021642583024,                               0.01925771855996819,                             0.0025836647741084295,                                    -0.27563432192511905,                                    -0.14252622238781534, 7805.347964415732,   0.6000749997338444, 7805.948039415466, 7.522042730640767e-06
                                0.03681962928905744,                               0.052729430731988075,                                     -0.16954752082192878,                                      -0.1699491368881417,                             -0.015549744022813769,                              -0.01991484911026689,                                     0.06611668542921391,                                    -0.18531188435148005,                                0.0234462809128428,                                0.0040084101396652,                                     -0.3201263204874466,                                     -0.1775592012828434, 7794.567834057267,   0.4356392691651051, 7795.003473326432, 1.565253441447766e-10
                                0.04206655112579999,                                0.04696811537550086,                                     -0.14463891031374812,                                      -0.1725819360425331,                             -0.015007617751024521,                             -0.014611475070577556,                                    0.058321712126270714,                                     -0.1660308801347265,                              0.027668502091358016,                              0.003691723090451765,                                     -0.6164599134025496,                                   -0.048856076444681644,  7795.77486532331,  -0.8628787462653126, 7794.911986577045, 5.233493458278163e-10
                              -0.013017083900211293,                              -0.017238268409195262,                                     0.059327730028029706,                                     -0.19510089417620174,                               0.03807650952694902,                               0.04554960833997579,                                    -0.14825099732745983,                                    -0.18297963890120725,                              0.017118354631343147,                             -0.001177657868440457,                                     -0.3441669693474749,                                    -0.11693135029951353, 7799.889399714842,  0.44220162559084497, 7800.331601340433, 3.204138405147088e-08
                               -0.01626186141689323,                              -0.014669112444374022,                                      0.07561120499388835,                                      -0.1875596865191828,                              0.045574811662337594,                               0.04605528851948287,                                     -0.1820032862606145,                                    -0.16204087037734727,                              0.018255421130768917,                             0.0027229126712308427,                                     -0.4179362380916447,                                   0.0033430462152900676, 7802.193963342907,  0.18780097622429703, 7802.381764319131,  3.21048418095635e-07
                               0.043413461249155405,                               0.045297862979935904,                                     -0.13922909676545542,                                      -0.2061425445070808,                             -0.017465701600570968,                             -0.014931290017934903,                                     0.04611924628981745,                                     -0.1840981208727766,                              0.023331595463712218,                             0.0037847929996349255,                                    -0.38884566896767897,                                     0.02875985715220414, 7797.777577770014,   0.3268750239507593, 7798.104452793965, 3.877561102060087e-09
                                0.04447745607315348,                                0.04581803715502447,                                     -0.17176850157060633,                                     -0.17723452365599882,                             -0.015461183111718124,                             -0.017871007979342837,                                     0.05509497141371384,                                    -0.18304551938774935,                              0.013152958384195126,                             0.0002815469575957047,                                     -0.5679539403750042,                                    -0.11830358651813465,  7803.01702440105,  -0.6958936029014248, 7802.321130798148,  7.31175128616042e-07
                                0.04388547572449103,                               0.047073307153876115,                                     -0.15408125416005578,                                     -0.19484171601093614,                             -0.019541550895501872,                             -0.016205230602061638,                                     0.07445579118693618,                                    -0.17841412346374044,                              0.018972412485778564,                            -0.0026200377135323777,                                     -0.3257699669055997,                                     -0.0715300435186682, 7798.610998873938,   0.5468998392277374, 7799.157898713166,  8.92295775020469e-09
                               -0.01424848156860406,                              -0.014514519159503095,                                      0.07651659354998638,                                     -0.17564321922790024,                               0.03903295366112969,                               0.04366008111971689,                                    -0.17633271311975104,                                     -0.1689054352929061,                              0.013261188575016764,                            -0.0008529126126042702,                                    -0.32397430287413376,                                    -0.11501775922878701, 7799.403215442311,   0.5236008100055312, 7799.926816252317,1.9704441089419598e-08
                              -0.020394047791014697,                               -0.02301242861150421,                                      0.06584639740999688,                                     -0.19605698688949105,                               0.04190419233623449,                                0.0493661139049692,                                    -0.16492957711351391,                                     -0.1983680080550595,                               0.01273022567813184,                             -0.002267868266779341,                                    -0.28861641560512985,                                    -0.08521417231158883, 7794.334046539016,   0.6048753794030118, 7794.938921918419,1.2389450310015996e-10
                                0.04376433463038315,                                0.04262634564155751,                                     -0.18565275895100952,                                     -0.15618219479575626,                              -0.01551882002516422,                             -0.008575514339344809,                                     0.07023767772999365,                                    -0.17938805403771785,                              0.015974623717050856,                             0.0001685938113360208,                                     -0.2807373816034025,                                    -0.05155540462255187, 7796.094840224101,    0.729552853564822, 7796.824393077666,  7.20700825338777e-10
                                0.04951149226970636,                                0.05232934354011262,                                     -0.17550374715854736,                                      -0.1766374449902162,                             -0.018133160411302307,                             -0.014625802655698558,                                    0.060515160818903124,                                    -0.16637624286286098,                              0.018780333598466786,                             0.0013879131530809136,                                     -0.4771455664902198,                                    -0.08882023315681288, 7796.824591681522, -0.11187908643380798, 7796.712712595088,1.4951406542974213e-09
                              -0.017270122026242188,                              -0.014209276818689179,                                      0.06322055211310494,                                     -0.18233925743178214,                              0.046203750309597696,                               0.04661015342779523,                                     -0.1891252972131536,                                    -0.16314140199111582,                              0.019601662242500706,                             0.0009080844191092091,                                     -0.3384335472826054,                                  -0.0008934386049512262, 7798.279124775805,   0.5255454374444549,  7798.80467021325,6.4029151563644845e-09
                                0.03763111067903874,                                0.04318409482989871,                                     -0.15627813381272085,                                     -0.17268133077552708,                              -0.01663122365845053,                             -0.016588711667750403,                                     0.07011896514346827,                                    -0.19293733573062846,                              0.013662974551105517,                              -0.00166976585118625,                                    -0.27998149209456674,                                    -0.11531788127433011, 7798.566539763119,   0.6705174969086781,7799.2370572600275,  8.53494034832355e-09
                               0.041103205847702384,                               0.046684704187863774,                                      -0.1444114924104796,                                     -0.19902787455201615,                              -0.01416793061554672,                              -0.01566943508197899,                                     0.04680826501200559,                                    -0.19039929476520667,                              0.024266221418999992,                              0.005884188744318286,                                     -0.6398526315637747,                                    0.041187278883824584, 7796.374869996577,  -1.1180737787316586,7795.2567962178455, 9.536091386646386e-10
                              -0.026443112422579226,                              -0.025961658220035197,                                      0.07447617240412707,                                     -0.19000032060641595,                              0.047931091820624355,                               0.04617968295214028,                                    -0.15479272265460348,                                    -0.18346329516810644,                              0.014441424192809846,                             0.0011994459679905284,                                    -0.29446066584755964,                                    -0.06084663741318065, 7794.553223892961,   0.6616021901973679, 7795.214826083158,1.5425510779482562e-10
                                0.04343505982497228,                                0.04673048936427515,                                     -0.15663106210652653,                                     -0.18703163309169252,                             -0.013819844143663301,                             -0.014178489903287544,                                     0.06465183171252603,                                    -0.17681050892937278,                              0.020579992953163304,                              0.002631954115477203,                                     -0.7518139367934894,                                   -0.038258837767322716,  7809.88277760133,  -1.9604427223931316, 7807.922334878937, 0.0007011002777565078
                               0.039770434617485445,                               0.043411297205438876,                                     -0.16547770732697453,                                     -0.17008026733703369,                             -0.012030093300884531,                             -0.012816492114832254,                                      0.0539180952437893,                                    -0.17889754309118222,                               0.02050082944320289,                             0.0016904952466951784,                                     -0.5849319713450241,                                  -0.0003234515563764822, 7797.046129537912,  -0.6922388644567419, 7796.353890673455,1.8659273011674306e-09
                                0.03654529560791192,                                0.05024082311668851,                                     -0.14041730195250446,                                     -0.21251843762332276,                             -0.010564301296873538,                             -0.018305037071709135,                                     0.04965055037663863,                                    -0.18670209136017335,                              0.020872450458095715,                             0.0033694005550238826,                                    -0.33692354788258444,                                     -0.1346813805020395, 7794.350970576796,   0.4161315363250685, 7794.767102113121,1.2600914199240632e-10
                               0.041164766001168696,                               0.047758116088950475,                                     -0.16331070733552747,                                     -0.15455822905491692,                             -0.013384260505664575,                               -0.0175809407285442,                                     0.05331364614926526,                                     -0.1912907179598937,                              0.012820277922607842,                            -0.0031383363472572423,                                    -0.31836638642890047,                                    -0.14331523280603967, 7801.983281574949,   0.5381925116348436, 7802.521474086583, 2.600594292632108e-07
                              -0.012806881568713041,                              -0.013713752195374324,                                      0.05730341115362007,                                     -0.17158963371034683,                               0.04468558318214119,                               0.04655401962946548,                                    -0.16596263657392166,                                    -0.18875029331108403,                               0.01991192461657118,                             0.0037555516593769933,                                     -0.5015547467684306,                                    -0.05793722818596521,  7801.72593214147, -0.23359254837453658,7801.4923395930955,2.0105142990567729e-07
                                0.03792387587717805,                                0.04540166967213216,                                       -0.142841662937868,                                     -0.18061960674821448,                             -0.014167077962295965,                             -0.013524884683602509,                                     0.06471156762749783,                                    -0.17266206669905446,                               0.01982053838248518,                             0.0017536821869882785,                                     -0.2952536407997044,                                    -0.12094560892857498,  7801.55601176145,   0.6663037166653528, 7802.222315478115,1.6963352341774986e-07
                                0.04250878106955153,                                0.04653178055924162,                                     -0.14327842101780633,                                       -0.204290880032189,                             -0.021167597943136815,                             -0.021186770008205985,                                      0.0510794860088502,                                    -0.16569070555078635,                              0.022643469262317945,                              0.005938572903743403,                                    -0.35378223492428695,                                   -0.007941021918450699, 7794.959047605104,   0.5067403223945549, 7795.465787927499,2.3146565132774802e-10
                              -0.016987425237521572,                              -0.016838165773730887,                                      0.07781701585463978,                                     -0.19079176210760643,                              0.038661102989508256,                               0.04549468716933988,                                    -0.14881029407757018,                                    -0.18257491194573322,                              0.023243265267041388,                           -0.00020624698817481302,                                    -0.32996619778487896,                                     -0.0284291024846594,7794.2488978708725,    0.561906605054974, 7794.810804475927,1.1378170609486897e-10
                                0.04773682901102136,                                0.05250559188297782,                                     -0.18683035492692396,                                       -0.161567740577472,                             -0.013240604588693264,                             -0.013250049311572504,                                     0.06864714152527471,                                    -0.18393957176903672,                              0.021740315605303345,                              0.006666935283942424,                                     -0.7402118151510239,                                    -0.20644955263321466, 7805.218168731054,   -2.118481558291917, 7803.099687172762, 6.606421008115758e-06
                               0.042854815543815705,                                0.05022079710962765,                                      -0.1546228565560306,                                      -0.1870410793788596,                             -0.020577325365290847,                             -0.018364688104065885,                                     0.04899016122500448,                                    -0.18463118642020482,                               0.02680770376876712,                              0.004180446733731705,                                     -0.3527037795599008,                                    -0.04751072102297588, 7798.794175766323,   0.4818091790565452,  7799.27598494538, 1.071671176618625e-08
                                0.03888809587323472,                               0.041913324226070164,                                      -0.1599668000900249,                                     -0.16955659822522454,                             -0.014451103019724812,                             -0.013134355694954927,                                     0.07181401524895432,                                     -0.1854341463763758,                              0.023967453948349343,                             0.0059295432192329744,                                    -0.35188284251129587,                                     0.03239312414830855, 7797.533511570631,    0.500063550508326,  7798.03357512114,3.0378200660913423e-09
                               -0.02245794038459878,                               -0.02229393291936284,                                     0.061277743110094346,                                     -0.18605887338307753,                               0.04566184765311404,                               0.04496246754235614,                                     -0.1547428596113911,                                    -0.17847137515505818,                               0.02187071634753887,                              0.007035403470232168,                                     -0.5746614123293524,                                     0.07533303009726504, 7796.670328153568,  -0.6739826320056456, 7795.996345521563,1.2814045199959942e-09
                              -0.021319766063319284,                               -0.02320202552866668,                                      0.05609932296647776,                                      -0.1934875475052245,                               0.04342059569342732,                               0.04954694476987204,                                    -0.15401029674437014,                                     -0.1909542128926654,                               0.01792814675922183,                           -0.00019010807286079512,                                     -0.3530222897232642,                                    -0.12501235637419805, 7801.973753374843,  0.37635614838535825, 7802.350109523229, 2.575932985329641e-07
                              -0.020653984147660093,                              -0.022768633339498953,                                      0.08044710149268816,                                     -0.18285614145934828,                              0.046613437552311565,                               0.05488997703206905,                                    -0.18427881116586767,                                    -0.17834938817690452,                              0.014036083520283474,                             0.0011924698097741243,                                    -0.41674455598271937,                                    -0.13601802941881033, 7794.260912135815, 0.060622014526179296, 7794.321534150341,1.1515695441408986e-10
                                0.04046282370847476,                                0.04812678485755453,                                     -0.14086708062085285,                                      -0.1750366829633027,                              -0.02002162738949345,                             -0.021278116334551594,                                     0.06794613232316248,                                     -0.1855985696794604,                              0.021905969540898712,                             0.0035099118732726114,                                    -0.38300102011885423,                                    -0.11117072979705657, 7802.636458558338,  0.33428104262672964, 7802.970739600964, 4.997395998081428e-07
                                0.03864350016870771,                                0.04787851158943185,                                     -0.19290169019238002,                                     -0.16986102868625755,                             -0.014429452116061989,                             -0.015304136830337656,                                      0.0817808651348885,                                     -0.1868638678570793,                              0.014196273042927893,                           -0.00038994274247806937,                                    -0.26228159959729136,                                     -0.1184001240479325, 7796.756348101647,   0.6571328221036178,  7797.41348092375,1.3965106124359032e-09
                               -0.02333639022015578,                               -0.01719665599314217,                                      0.07142647309581457,                                      -0.1832549572175921,                               0.04509743098755256,                               0.04432278737106651,                                     -0.1630157486465872,                                    -0.17493147202630258,                               0.02284390682741569,                              0.003892535986415549,                                     -0.4617584258352913,                                     0.04772181876807523, 7794.762132710937,-0.014407274630911182, 7794.747725436307,1.9009360218990005e-10
                              -0.019628063862136697,                              -0.015093353280883168,                                      0.06814352962071837,                                     -0.19484638764301665,                               0.04799351648975678,                               0.04195178651015058,                                    -0.17613338123425912,                                     -0.1718173097821223,                              0.008059015319579338,                            -0.0013564740089303945,                                    -0.33703534346493963,                                   -0.006780284839954239, 7798.972994822751,   0.5109587481064362, 7799.483953570858,1.2815090563570948e-08
                                 0.0421957845029266,                                 0.0457285506713562,                                     -0.17402344589108928,                                     -0.18129390577117452,                             -0.014748409484099945,                             -0.011239811695413798,                                     0.06734375226058174,                                     -0.1800050254147016,                              0.021793371880504495,                              0.002272479135908584,                                     -0.3442506259293137,                                    -0.06214368047879263,  7802.00671249475,  0.47947344661026325,  7802.48618594136, 2.662248090862768e-07
                                0.04444845315817125,                                0.05112162453782623,                                      -0.1747734821442096,                                      -0.1745571093069989,                             -0.014875687193758508,                             -0.014263814691310564,                                    0.057258957551463936,                                    -0.17778079146303713,                              0.028180791646617853,                              0.005863233153549349,                                    -0.35833896827024564,                                    -0.04275410697836518, 7801.872986834778,  0.45904943694803635, 7802.332036271726, 2.329014584068813e-07
                                0.04104503699392473,                               0.048650275802842174,                                     -0.14513693845898262,                                     -0.17615484045414373,                               -0.0192908355726628,                             -0.020646264754314442,                                     0.06130510437850638,                                     -0.1760766690042261,                              0.013149421876748127,                            -0.0030489888952171806,                                     -0.5400325409133816,                                    -0.20017142837333043, 7795.199811417959,  -0.6099785160825388, 7794.589832901876,2.9447535075910067e-10
                                 0.0430703451603662,                                0.04826265566922189,                                     -0.15810805913316542,                                     -0.16584330338217296,                             -0.014955988483311602,                             -0.016352492737057356,                                     0.05611228891630509,                                     -0.1822096442025574,                               0.01689543777704186,                             0.0022995033406464083,                                    -0.44004268456143464,                                    -0.09783277086050755, 7808.738737236379,  0.09280145922768876,7808.8315386956065, 0.0002233210810929248
                              -0.018459454436764833,                              -0.014169294054565615,                                     0.058871381578666705,                                     -0.17532958204113874,                               0.04919504311176609,                               0.04134684263563937,                                    -0.17021255193999002,                                     -0.1637582952258749,                              0.013700879408539063,                             0.0011713878719902954,                                     -0.7198181952524408,                                    0.006885089881812282,  7801.07871234577,  -1.6634269537855078, 7799.415285391985,1.0525026073034382e-07
                                0.04116445198301291,                                0.04825480183110947,                                     -0.16847874635187732,                                     -0.14595842537150147,                             -0.017529334193773574,                                -0.018520449230831,                                    0.061417593635231686,                                     -0.1915742130751818,                              0.024415952176211023,                              0.007876265658217307,                                    -0.28852539015038603,                                    -0.07756055397849276, 7798.055817510283,   0.7185549492847286, 7798.774372459568,5.1214935951885974e-09
                               -0.02601470729659909,                              -0.022242066115775533,                                       0.0756460183839669,                                     -0.18508725349931288,                               0.04484587722227465,                               0.04592175556424136,                                    -0.14507968519919612,                                     -0.1980714229728651,                              0.017339211570297858,                             0.0031077683912839327,                                    -0.29032664751761644,                                    0.018847208538755173, 7796.785487505754,   0.6881077017161046,  7797.47359520747, 1.437802792531112e-09
                               -0.02030707105478516,                              -0.019794553802770037,                                      0.07591016818351605,                                       -0.178545915105482,                               0.04693065980662031,                               0.04891246841682523,                                     -0.1725796064096219,                                    -0.17827301724166383,                               0.01610413009670883,                              0.004257836627467371,                                    -0.29264258074992533,                                    -0.11129737153902455, 7817.144608904953,   0.6196189408875432, 7817.764227845841,    0.9989722005918119
                                0.04460828980282411,                                0.04524548904717557,                                     -0.15583407496085452,                                      -0.1950963621630418,                               -0.0219414202308469,                             -0.022081559187813404,                                     0.06506870449919752,                                    -0.17910587396984143,                              0.016348610267230487,                              0.001292544973752488,                                     -0.3868069448032662,                                   -0.010683173680472642, 7797.458286740084,  0.33539299114940846, 7797.793679731233,2.8176842062522304e-09
